author,form,name,type
老鹰吃小鸡,LZ,星门,玄幻
会说话的肘子,LZ,夜的命名术,都市
百分之七,LZ,我就是不按套路出牌,轻小说
纯洁滴小龙,LZ,明克街13号,都市
轻泉流响,LZ,不科学御兽,玄幻
卖报小郎君,WJ,大奉打更人,仙侠
那一只蚊子,LZ,轮回乐园,轻小说
晨星LL,LZ,这游戏也太真实了,轻小说
听日,LZ,术师手册,轻小说
幼儿园一把手,LZ,这个明星很想退休,都市
爱潜水的乌贼,WJ,诡秘之主,玄幻
帅犬弗兰克,LZ,艾泽拉斯阴影轨迹,游戏
远瞳,LZ,黎明之剑,科幻
辰东,LZ,深空彼岸,都市
我会修空调,LZ,我的治愈系游戏,悬疑
王梓钧,LZ,朕,历史
情何以甚,LZ,赤心巡天,仙侠
苍山月,LZ,重生之似水流年,都市
姬叉,LZ,女主从书里跑出来了怎么办,都市
黑山老鬼,WJ,从红月开始,科幻
任我笑,LZ,顶级气运，悄悄修炼千年,仙侠
青史尽成灰,LZ,大明第一臣,历史
飞雀夺杯,LZ,系统的超级宗门,玄幻
忘语,WJ,凡人修仙传,仙侠
我吃西红柿,LZ,宇宙职业选手,科幻
出走八万里,LZ,我用闲书成圣人,仙侠
阎ZK,LZ,镇妖博物馆,悬疑
有腹肌的园长,LZ,诸天万界：主角都是我弟,诸天无限
不是老狗,LZ,大隋说书人,仙侠
太白水君,LZ,这个沙盒游戏不靠谱,科幻
裴屠狗,LZ,诸界第一因,玄幻
柳岸花又明,WJ,我真没想重生啊,都市
问心万古,LZ,我可以进入游戏,都市
一片苏叶,LZ,LOL：这个男人太强了！,游戏
风月,LZ,天启预报,奇幻
天蚕土豆,WJ,斗破苍穹,玄幻
齐佩甲,WJ,超神机械师,游戏
封遥睡不够,LZ,欢迎回归世界游戏,游戏
荣小荣,LZ,公子别秀,玄幻
一袖乾坤,LZ,大周不良人,仙侠
七月酒仙,LZ,我被妖魔圈养了,仙侠
佛前献花,LZ,神秘复苏,仙侠
汉宝,LZ,这个体质便宜卖,玄幻
金色茉莉花,LZ,谁还不是个修行者了,轻小说
我最白,LZ,全职艺术家,都市
韩游思,LZ,某霍格沃茨的魔文教授,轻小说
真熊初墨,LZ,回到2002当医生,都市
猪三不,LZ,基因大时代,科幻
斤斤斤,LZ,全球废土：避难所无限升级,科幻
荣誉与忠诚,LZ,我在春秋做贵族,历史
历史里吹吹风,LZ,我就是神！,玄幻
耗,LZ,金刚不坏大寨主,武侠
文抄公,LZ,神秘之劫,游戏
七月未时,LZ,大魏读书人,仙侠
坟土荒草,LZ,神话版三国,历史
花还没开,WJ,我家老婆来自一千年前,轻小说
青铜老五,LZ,这个穿越有点早,都市
爆炸小拿铁,LZ,我只想安静的做个苟道中人,仙侠
榴弹怕水,LZ,黜龙,历史
更从心,WJ,末日拼图游戏,游戏
陶安逸,LZ,贫僧不想当影帝,都市
牧秋雨,LZ,穿越四合院里做倒爷,都市
这很科学啊,LZ,什么叫六边形打野啊,游戏
吹个大气球9,LZ,重生就要对自己狠一点,都市
三天两觉,WJ,惊悚乐园,游戏
萌俊,LZ,我已不做大佬好多年,都市
全金属弹壳,LZ,我在1982有个家,都市
偷名,LZ,我的博浪人生,都市
言归正传,WJ,我师兄实在太稳健了,仙侠
仙舟,LZ,柯南里的捡尸人,轻小说
凤嘲凰,LZ,修仙就是这样子的,仙侠
跳舞,LZ,稳住别浪,都市
背着家的蜗牛,LZ,从今天开始做藩王,历史
米一克,LZ,某美漫的超级玩家,诸天无限
见异思剑,LZ,我将埋葬众神,仙侠
中秋月明,LZ,我真不想跟神仙打架,都市
海晏山,LZ,玩家请上车,悬疑
横扫天涯,LZ,镜面管理局,玄幻
说唱鸽,LZ,精灵世界的底层训练家,轻小说
裴不了,WJ,我不可能是剑神,仙侠
怪诞的表哥,LZ,终宋,历史
凶猛公仓鼠,LZ,英雄无敌之隐藏建筑大师,游戏
常世,LZ,我的云养女友,轻小说
沉默的糕点,LZ,我在坟场画皮十五年,玄幻
大司空,LZ,骗了康熙,历史
熬夜吃苹果,LZ,我有一身被动技,玄幻
某二狗,LZ,疯了吧，你管这叫实习律师,都市
白驹易逝,LZ,人族镇守使,玄幻
