commit,price,shop,title
100万+,5999.00,Apple产品京东自营旗舰店,Apple iPhone 13 (A2634) 128GB 星光色 支持移动联通电信5G 双卡双待手机
300万+,5199.00,Apple产品京东自营旗舰店,Apple iPhone 12 (A2404) 128GB 白色 支持移动联通电信5G 双卡双待手机
1万+,5999.00,久汇通手机旗舰店,Apple 苹果12 iPhone 12 5G手机（ 白条12期分期可选）下单尊享豪礼 绿色 256G 标配 +(20W闪充套装）
500万+,4399.00,Apple产品京东自营旗舰店,京品手机Apple iPhone 11 (A2223) 128GB 白色 移动联通电信4G手机 双卡双待
50万+,8999.00,Apple产品京东自营旗舰店,Apple iPhone 13 Pro Max (A2644) 128GB 远峰蓝色 支持移动联通电信5G 双卡双待手机
20万+,8799.00,Apple产品京东自营旗舰店,Apple iPhone 13 Pro (A2639) 256GB 远峰蓝色 支持移动联通电信5G 双卡双待手机
2000+,3249.00,好采机二手手机旗舰店,【二手99新】Apple iPhonex XSmax 苹果x XSmax 国行双卡双待手机 金色 256G全网通
10万+,5199.00,Apple产品京东自营旗舰店,Apple iPhone 13 mini (A2629) 128GB 星光色 手机 支持移动联通电信5G
20万+,5999.00,中国联通京东自营旗舰店,Apple iPhone 13 (A2634) 128GB 星光色 支持移动联通电信5G 双卡双待手机【赠大王卡首月免月租】
5万+,9799.00,中国联通京东自营旗舰店,Apple iPhone 13 Pro Max (A2644) 256GB 金色 支持移动联通电信5G 双卡双待手机【赠大王卡首月免月租】
2万+,5758.00,京东之家官方旗舰店,Apple 苹果 iPhone 13（A2634）全网通5G手机 128G 午夜色 套装一：搭配 90天品胜碎屏保障
2万+,6088.00,酷族数码旗舰店,Apple/苹果 iPhone 13 (A2634)  全网通 5G手机【苹果12店内可选】 星光色 全网通 128G【官方标配】
5000+,6849.00,好采机二手手机旗舰店,【二手99新】Apple iPhone12ProMax 苹果12 ProMax国行原装二手 海蓝色 256G全网通
1万+,2199.00,靓机优品二手手机专营店,拍拍【二手9成新】Apple iPhone X 二手苹果X 二手手机 移动联通电信4G手机 银白色 256G 全新品牌电池（100%电池效率）
1万+,6458.00,京东电竞手机官方旗舰店,Apple 苹果 iPhone 13（A2634）【24期免息可选】全网通5G手机 蓝色 全网通 256GB【官方标配】
2000+,2349.00,数码海外京东自营专区,京东国际Apple苹果 iPhone SE (第二代) 64GB 白色 移动联通电信4G手机 日版未激活无锁机
20万+,5999.00,Apple产品京东自营旗舰店,Apple iPhone 13 (A2634) 128GB 午夜色 支持移动联通电信5G 双卡双待手机【购机补贴版】
5万+,2999.00,拍拍严选官方旗舰店,拍拍苹果 Apple  iPhone 11 苹果11 苹果二手手机 大陆国行备用机 黑色【评价有礼】 128G
2000+,6049.00,好采机二手手机旗舰店,【二手99新】Apple iPhone12Pro 苹果12 Pro 国行原装二手 海蓝色 256G全网通
5万+,2329.00,拍拍严选官方旗舰店,拍拍Apple iPhone XR 苹果xr二手手机 黑色【评价有礼】 128G
2万+,6799.00,中国移动官方旗舰店,Apple iPhone 13 (A2634) 256GB 午夜色 支持移动联通电信5G 双卡双待手机 【移动用户专享优惠】
2000+,3799.00,中国电信自营旗舰店,Apple iPhone# XR (A2108) 128GB 白色 移动联通电信4G手机 双卡双待
1万+,4939.00,京东电竞手机官方旗舰店,Apple 苹果 iPhone 12 全网通5G手机【苹果13店内可选】 白色 全网通 128GB【官方标配】
2000+,5999.00,Apple丰年时代专卖店,Apple iPhone 13 (A2634) 支持移动联通电信5G 双卡双待手机 星光色 128G官配+原装20W闪充
1000+,6299.00,好采机二手手机旗舰店,【二手8成新】Apple iPhone12ProMax 苹果12 ProMax国行二手手机 海蓝色 256G全网通
1000+,3799.00,搜酷手机专营店,Apple 苹果 iPhone 11 （可选苹果 XR）双卡双待 手机 支持移动联通电信 4G 红色XR 128G 标准套装
2万+,2949.00,拍拍严选官方旗舰店,拍拍Apple iPhone XS Max 苹果xsmax手机  二手手机 金色 256G
2000+,5999.00,Apple古霖专卖店,Apple iPhone 13 (A2634) 支持移动联通电信5G 双卡双待手机 粉色 128GB
20万+,3599.00,Apple产品京东自营旗舰店,Apple iPhone 12 mini (A2400) 64GB 黑色 手机 支持移动联通电信5G
1万+,3599.00,拍拍严选官方旗舰店,拍拍【资源机99新】Apple iPhone 11 苹果11手机  拍拍严选 白色 128G
2000+,6299.00,好采机二手手机旗舰店,【二手9成新】Apple iPhone12ProMax 苹果12 ProMax国行原装二手 海蓝色 256G全网通
5000+,3079.00,卡仕盾优品二手手机专营店,拍拍【二手95新】苹果11 Apple iPhone 11 游戏手机 二手苹果手机 黑色 128G 全网通
2000+,9168.00,茄子手机旗舰店,Apple 苹果 iPhone 13 Pro Max (A2644) 全网通5G手机  128GB 远峰蓝色 官方标配
2万+,1489.00,拍拍严选官方旗舰店,拍拍Apple iPhone 8 Plus 苹果8plus二手手机 金色 64G
2000+,5869.00,上海电信京东自营旗舰店,Apple iPhone 13 (A2634) 128GB 星光色 支持移动联通电信5G 双卡双待手机
1万+,5099.00,京合旗舰店,Apple/苹果 iPhone 12 全新国行双卡双待5G手机 紫色 128GB
1000+,6299.00,好采机二手手机旗舰店,【二手8成新】Apple iPhone12ProMax 苹果12 ProMax国行二手手机 海蓝色 256G全网通
500+,7769.00,上海移动京东官方自营旗舰店,Apple iPhone 12 Pro (A2408) 256GB 海蓝色 支持移动联通电信5G 双卡双待手机
1万+,5818.00,鹏瑶旗舰店,【12期免息可选】Apple 苹果 iPhone 13 (A2634)双卡双待 苹果13系列5G手机 星光色 全网通 128GB(官方标配)
5000+,10009.00,京东之家官方旗舰店,Apple 苹果 iPhone 13 Pro（A2639）全网通5G手机 256G 石墨色 套装三：搭配 12期白条免息
5000+,5869.00,佳沪电商旗舰店,Apple 苹果 iPhone 13 5G手机 128GB 红色 官方标配
1万+,1129.00,拍拍严选官方旗舰店,拍拍Apple iPhone 8 苹果8二手手机 金色 64G
5万+,4398.00,疆界互联旗舰店,【12/24期分期0首付】Apple 苹果 iphone 11 手机 黑色 全网通128GB（新包装）
2万+,4249.00,拍拍严选官方旗舰店,拍拍苹果 Apple iPhone 苹果12  苹二手手机 大陆国行备用机 5G手机 黑色 128GB
2万+,5888.00,OKSJ手机旗舰店,【春节不打烊】Apple苹果 iPhone 13 (A2634) 双卡双待全网通5G手机 128GB  粉色 官方标配
2000+,9998.00,耐谷手机旗舰店,Apple 苹果13Pro Max iPhone 13Pro Max 5G手机 远峰蓝色 256GB
1万+,1599.00,卡仕盾优品二手手机专营店,拍拍【二手9成新】苹果8Plus手机 Apple iPhone 8Plus 苹果8P 二手手机 深空灰 64G 全网通
5000+,3029.00,爱相随二手手机专营店,【二手95新】Apple iPhone 11 苹果11双卡双待 二手手机 白色 128G 全网通【评价有礼】
2000+,2329.00,卡仕盾优品二手手机专营店,拍拍【二手9成新】苹果xr Apple iPhone XR x 双卡双待 苹果手机 黑色 128G 全网通
200+,4958.00,京东之家官方旗舰店,Apple 苹果 iPhone 12（A2404） 5G手机 黑色 128G 套装一：搭配 90天品胜碎屏保障
500+,9099.00,搜酷手机专营店,Apple iPhone 苹果 13 Pro Max (A2644) 支持移动联通电信5G 双卡双待 远峰蓝色 128G 官方标配
2000+,8048.00,炜东电商旗舰店,【12期免息可选】Apple 苹果 iPhone 13 Pro (A2639)5G 双卡双待手机 远峰蓝色 128GB（标配赠90天碎屏险）
1000+,4399.00,在一起二手手机专营店,拍拍【二手99新】苹果12 Apple iPhone 12 (A2404) 二手手机 5G全网通双卡双待 白色 128G 全网通
1000+,5149.00,搜酷手机专营店,Apple 苹果 iPhone 12 (A2404)  双卡双待 手机 支持移动联通电信5G 黑色 128G 全网通官配
1000+,9799.00,Apple古霖专卖店,Apple iPhone 13 Pro Max (A2644)  支持移动联通电信5G 双卡双待手机 远峰蓝色 256GB
5000+,9388.00,酷族数码旗舰店,Apple/苹果13Pro  iPhone 13 Pro全网通5G手机【苹果12店内可选】 远峰蓝色 全网通 256G【官方标配】
1000+,9828.00,京东电竞手机官方旗舰店,Apple 苹果iPhone 13 Pro Max (A2644)【12期免息可选】全网通5G手机 远峰蓝色 256GB【官方标配】
1000+,3599.00,冰之凯盛手机旗舰店,Apple 苹果 iPhone XR 手机 老包装 现货速发 黑色 全网通128【新包装】
5000+,6499.00,中国电信自营旗舰店,Apple iPhone 13 (A2634) 256GB 星光色#支持移动联通电信5G 双卡双待手机
5000+,5829.00,佳沪电商旗舰店,Apple 苹果 iPhone 13 5G手机  128GB 午夜色 官方标配
500+,4099.00,好采机二手手机旗舰店,拍拍【二手99新】Apple iPhone11 Pro 苹果11pro 国行双卡二手手机 暗夜绿色 256G全网通【评价有礼】
1万+,5889.00,中国移动手机官方旗舰店,Apple 苹果13 (A2634) iPhone 13 全网通 5G双卡手机 粉色 128GB【官方标配+3大好礼】
2000+,6049.00,好采机二手手机旗舰店,拍拍【二手99新】Apple iPhone12Pro 苹果12 Pro 国行原装二手 海蓝色 256G全网通
500+,393.00,京致二手手机专营店,拍拍【二手9成新】苹果6 Apple iPhone 6  二手手机 备用机 4.7英寸 全网通 深空灰色 16G全网通【百分百电池】
2000+,6994.00,京东之家官方旗舰店,【24期白条分期免息】Apple 苹果 iPhone 13（A2634）全网通5G手机 128G 午夜色（享一年延保） 套装三：24期白条分期免息
2万+,5778.00,茄子手机旗舰店,Apple 苹果 iPhone 13 (A2634)  全网通 5G手机 128GB 蓝色 官方标配
57,4699.00,拍拍严选尖货旗舰店,拍拍Apple iPhone 13 mini 苹果13mini手机 5G手机 99新红色 128G
5000+,6849.00,好采机二手手机旗舰店,拍拍【二手99新】Apple iPhone12ProMax 苹果12 ProMax国行原装二手 海蓝色 256G全网通
5000+,5059.00,佳沪电商旗舰店,Apple 苹果 iPhone 11Pro 手机 深空灰色 全网通 64GB
500+,4599.00,好时机二手手机专营店,拍拍【二手99新】Apple iPhone 11 Pro Max 苹果11promax 二手苹果手机 银色 256G 全网通
2万+,2095.00,闪搜二手手机专营店,拍拍二手9成新】Apple iPhonex 苹果x手机 二手苹果手机 全面屏X s R 11pro面容 苹果x-黑色 256G 全网通
500+,5158.00,耐谷手机旗舰店,Apple 苹果 iPhone 12 5G手机【苹果13店内可选】 黑色 128GB
2000+,6899.00,拍拍严选官方旗舰店,拍拍【资源机】苹果 iPhone 12 Pro Max 手机 拍拍严选 苹果手机 海蓝色 256G
2000+,8999.00,佳沪电商旗舰店,Apple 苹果 iPhone 13 Pro 5G手机 银色 全网通 256GB【官方标配】
100+,1508.00,京致二手手机专营店,拍拍【二手95成新】Apple iPhone SE 2 苹果se2大陆国行 A13芯片4G全网通 黑色 64G+20W超级快充套装  9成新
500+,5999.00,广州电信京东自营旗舰店,Apple iPhone 13 128GB 粉色 支持移动联通电信5G 双卡双待手机
5000+,989.00,拍拍严选官方旗舰店,拍拍Apple iPhone 7 苹果7 二手手机 红色 128G
1万+,3599.00,拍拍严选官方旗舰店,【资源机99新】Apple iPhone 11 苹果11手机  拍拍严选   黑色 128G
1000+,2059.00,青橙严选二手手机专营店,拍拍【二手95成新】苹果8plus Apple iphone8plus 苹果8p 二手苹果手机 深空灰色 256G全网通
5万+,4699.00,疆界互联旗舰店,【12/24期分期0首付】Apple 苹果 iphone 11 手机 白色 全网通128G（12期分期0首付新包装）
5万+,3849.00,佳沪电商旗舰店,Apple 苹果 iPhone XR 手机 黑色 全网通 128G+PD18W充电器套装【新包装】
1万+,1249.00,卡仕盾优品二手手机专营店,拍拍【二手9成新】苹果7Plus手机 Apple iPhone7Plus 苹果7P 二手手机国行 磨砂黑 128G 全网通
1万+,2519.00,拍拍严选官方旗舰店,拍拍Apple iPhone XS 苹果xs手机 二手手机 银色 256G
5000+,4599.00,拍拍严选官方旗舰店,【资源机99新】Apple iPhone 12 苹果12手机 大陆国行  拍拍严选 全网通 绿色 128GB【电池效率100%】
5000+,3858.00,缘翼优品二手手机专营店,拍拍【二手95成新】Apple iPhone11 Pro苹果11 Pro 二手手机 手机apple 暗夜绿色 256G 全网通
6,12299.00,佳沪电商旗舰店,【24期免息】Apple 苹果 iPhone 13 Pro Max 5G手机 远峰蓝色 全网通 256GB+无忧卡 2年电池换新+1年延保
100+,7769.00,江苏电信京东自营旗舰店,Apple iPhone 12 Pro (A2408) 256GB 海蓝色 支持移动联通电信5G 双卡双待手机J
1万+,2699.00,京粉二手手机旗舰店,拍拍【二手99新】Apple iPhone X XR (A2108) 苹果xr国行通双卡双待二手手机 白色 128G全网通『赠充电套装』
200+,5989.00,广东联通京东自营旗舰店,Apple iPhone 13  128GB 星光色 支持移动联通电信  双卡双待5G手机
5000+,2648.00,靓机优品二手手机专营店,【二手95新】Apple iPhone 11 二手苹果11 二手手机 移动联通电信4G通  双卡双待 白色 64G 全网通
500+,2239.00,盛邦二手手机专营店,拍拍【二手95新】Apple iPhone X 二手苹果X 二手手机 移动联通电信4G手机 银白色（全新品牌电池100%电池效率） 256G全网通『赠20wPD快充』
5000+,4799.00,京粉二手手机旗舰店,拍拍【二手99新】Apple iPhone 12(A2404)苹果12国行公开版5G双卡双待二手手机 白色 128G全网通『赠20W PD闪充』
200+,6799.00,零一店二手商品专营店,拍拍【二手9成新】Apple iPhone12Pro Max苹果12 pro max支持移动联通电信 金色 512GB 全网通
2000+,1499.00,晨辉銮二手手机专营店,拍拍【二手9成新】Apple iPhone 8Plus 二手苹果8plus手机 深空灰 64G全网通
1000+,11999.00,久汇通手机旗舰店,Apple 苹果iPhone13 Pro Max 苹果13ProMax 5G手机 全网通双卡双待 512GB 银色 官方标配+(苹果原装 20w闪充 套装）
1万+,1129.00,拍拍严选官方旗舰店,Apple iPhone 8 苹果8二手手机 金色 64G
2000+,759.00,拍拍严选官方旗舰店,拍拍Apple iPhone 6S 苹果6s二手手机 银色 64G
1000+,645.00,考拉严选二手商品专营店,拍拍【二手9成新】苹果6s Apple iPhone 6s 苹果 6s 二手苹果 国行全网通 金色 64G
200+,2099.00,万事达二手手机专营店,拍拍【二手95新】Apple iPhoneX 二手苹果X 二手手机 全面屏移动联通电信4G全网通手机 深空灰 256G全新品牌电池(100%电池效率)
2000+,3899.00,搜酷手机专营店,Apple 苹果 iPhone XR 手机 双卡双待 全面屏 全新 可选12期分期 白色 128G 标准套装
500+,2169.60,爱乐优二手商品专营店,拍拍【二手99新】Apple \/苹果 iPhone XR 苹果XR 二手手机 全网通4G手机 原装国行 黑色 95新128G
200+,1419.00,典匠二手手机专营店,【已验机】 Apple iPhone SE/SE 2 苹果se2 大陆国行  二手苹果手机 全网通 【苹果SE2】白色 64GB
2000+,3279.00,双果数码二手手机专营店,拍拍【二手99新】Apple iPhoneXS Max 苹果xsmax国行原装 二手手机 金色 256G全网通
1000+,6199.00,双果数码二手手机专营店,拍拍【二手9成新】Apple iPhone12ProMax 苹果12promax 国行二手5G手机 海蓝色 128G全网通
1000+,2099.00,双果数码二手手机专营店,拍拍【二手99新】Apple iPhoneXS 苹果XS国行原装 二手手机 金色 64G全网通
1000+,2639.00,青橙严选二手手机专营店,拍拍【二手95成新】Apple iphone 11 苹果11 二手手机 苹果手机 大陆国行 全网通 绿色 64G全网通
1万+,1688.00,缘翼优品二手手机专营店,拍拍【二手9成新】Apple 苹果x iPhonex 苹果二手手机 手机 灰色 64G 全新品牌电池（电池效率100%）
5万+,2799.00,拍拍严选官方旗舰店,苹果 Apple  iPhone 11 苹果11 苹果二手手机 大陆国行备用机 紫色 64G
2,4649.00,爱相随二手手机专营店,拍拍【二手99新】Apple iPhone13mini 苹果13mini 二手苹果手机国行原装 官方在保 粉色 128G 全网通
8,6499.00,京粉二手手机旗舰店,拍拍【二手95新】Apple iPhone12 Pro Max(A2412)苹果12ProMax二手手机 石墨色 128G全网通『赠20W PD闪充』
2万+,5999.00,中国移动终端京东自营旗舰店,Apple iPhone 13 (A2634) 128GB 星光色 支持移动联通电信5G 双卡双待手机【赠卡首月免月租】
200+,1698.00,考拉严选二手商品专营店,拍拍【二手95新】苹果x二手手机Apple iPhone X 国行全网通4G 白色 64G
0,6799.00,双果数码二手手机专营店,拍拍【准新机】Apple iPhone12Pro 苹果12 Pro二手苹果12pro 国行5G手机 海蓝色 256G全网通
1000+,8088.00,千瑞达手机旗舰店,苹果Apple iphone 13 pro (A2639) 5G手机全网通 双卡双待 远峰蓝色 128GB
500+,2299.00,好采机二手手机旗舰店,拍拍【二手99新】Apple iPhoneX 苹果X 二手手机 银色 256G全网通
2000+,2799.00,零一店二手商品专营店,拍拍【准新未激活】官换机Apple iPhone XR 苹果xr二手手机双卡双待 黑色 64G  全网通
500+,2999.00,零一店二手商品专营店,拍拍【准新未激活】官换机Apple iPhone x XS苹果xs手机国行二手手机资源机 银色 64G全网通 【准新未激活】
200+,819.00,京粉二手手机旗舰店,拍拍【二手9成新】AppleiPhone7(A1660)苹果7游戏二手手机 黑色 128G全网通『赠苹果充电器』
0,5799.00,在一起二手手机专营店,拍拍【二手8成新】苹果12ProMax Apple iPhone 12 ProMax 二手苹果手机 海蓝色 128G 全网通
2000+,10388.00,酷族数码旗舰店,Apple/苹果 iPhone 13 Pro Max 全网通5G手机【苹果12店内可选】 远峰蓝色 全网通 256G 【官方标配】
1000+,625.00,京致二手手机专营店,拍拍【二手9成新】Apple iPhone 苹果6s \/ 6sPlus 苹果 二手手机 备用机 全网通 玫瑰金 6s 64G【电池100%】
2000+,2699.00,首昕二手手机专营店,拍拍【二手95新】Apple iPhone 11 苹果11双卡双待二手手机苹果国行全网通二手手机苹果11 黄色【赠：5件套】 64G
100+,1669.00,在一起二手手机专营店,拍拍【二手95新】苹果X二手手机Apple iPhone X 二手苹果X 面容识别 国行4G全网通 深空灰 64G 全网通
89,4849.00,拍拍严选官方旗舰店,拍拍【资源机】苹果 iPhone 12 手机 拍拍严选 苹果手机 蓝色 256GB
500+,6799.00,在一起二手手机专营店,拍拍【准新机】Apple iPhone12 Pro Max(A2412)苹果12ProMax二手手机 海蓝色 128G 全网通(电池健康100%)
1000+,8999.00,Apple古霖专卖店,Apple iPhone 13 Pro Max (A2644)  支持移动联通电信5G 双卡双待手机 远峰蓝色 128GB
5000+,8779.00,疆界互联旗舰店,【可选24期免息】Apple 苹果 iphone 12 Pro Max手机 海蓝色 256GB
500+,5158.00,耐谷手机旗舰店,Apple 苹果 iPhone 12 5G手机【苹果13店内可选】 黑色 128GB
1000+,2119.00,信优速二手手机专营店,拍拍【二手95新】Apple iPhone X 二手苹果X 二手手机 移动联通电信4G手机 银白色 95新 256G 全新品牌电池（100%电池效率）
200+,2199.00,京严二手手机专营店,拍拍【二手9成新】Apple iPhone X 苹果x 二手苹果手机5.8英寸 全面屏手机 深空灰 256G全网通[赠配件大礼包]
5000+,6700.00,拍拍严选官方旗舰店,拍拍【二手95新】苹果 iPhone 11 Pro 手机  二手手机 金色 256GB
1万+,1579.00,拍拍严选官方旗舰店,Apple iPhone SE2 iPhone 苹果se2手机（A2298） 二手手机 黑色 64G
2000+,5199.00,上海移动京东官方自营旗舰店,Apple 苹果 iPhone 12 128GB 黑色 5G 手机
2000+,2498.00,京严二手手机专营店,拍拍【二手95新】苹果11 Apple iPhone 11 双卡双待 二手手机 国行 全网通 黑色 64G全网通[赠配件大礼包]
200+,4199.00,爱相随二手手机专营店,拍拍【二手95新】Apple iPhone 12 苹果12 二手手机 5G双卡双待 国行全网通 黑色 128G 全网通【评价有礼】
500+,3008.00,在一起二手手机专营店,拍拍【二手9成新】苹果11 Apple iPhone 11 游戏手机 二手苹果手机 双卡双待 黑色 128G 全网通
500+,6138.00,Apple美承onezero专卖店,Apple iPhone 13 (A2634) 5G新品 支持移动联通电信5G 双卡双待手机 蓝色 128GB+20W闪充头
200+,1419.00,典匠二手手机专营店,【已验机】 Apple iPhone SE/SE 2 苹果se2 大陆国行  二手苹果手机 全网通 【苹果SE2】白色 64GB
500+,3038.00,京严二手手机专营店,拍拍【二手99新】苹果11 Apple iPhone 11 双卡双待 二手手机 国行 全网通 黑色 128G全网通
1000+,4599.00,拍拍严选尖货旗舰店,拍拍【资源机】Apple iPhone 12 苹果12手机 大陆国行 拍拍严选 99新黑色 128G【电池效率100%】
200+,1616.00,典匠二手手机专营店,拍拍【已验机】 Apple iPhone SE/SE 2 苹果se2 大陆国行  二手苹果手机 全网通 【苹果SE2】黑色 128GB
500+,1578.00,京严二手手机专营店,拍拍【二手9成新】苹果8Plus手机 Apple iPhone 8Plus 苹果8P 二手手机 深空灰 64G全网通[赠配件大礼包]
5000+,8978.00,微焱数码旗舰店,Apple 苹果 iPhone 13 Pro 全网通5G手机 银色 256G
5000+,2648.00,靓机优品二手手机专营店,【二手95新】Apple iPhone 11 二手苹果11 二手手机 移动联通电信4G通  双卡双待 白色 64G 全网通
100+,6699.00,京粉二手手机旗舰店,拍拍【准新机】Apple iPhone12 Pro(A2408)苹果12 Pro公开版二手手5G 石墨黑【严选电池100】 256G通『赠20W PD闪充』
200+,1199.00,京粉二手手机旗舰店,拍拍【二手99新】Apple iPhone8(A1863)苹果8游戏二手手机 金色 64G全网通『赠充电套装』
2000+,4010.00,京粉二手手机旗舰店,拍拍【二手99新】Apple iPhone 12 mini(A2400)苹果12 mini国行二手 黑色 128G全网通『赠20W PD闪充』
5000+,9018.00,掌视界数码旗舰店,Apple苹果13pro手机 iPhone 13 Pro (A2639)5G手机 石墨色 256G
1000+,2079.00,好采机二手手机旗舰店,拍拍【二手99新】Apple iPhonexs 苹果XS国行二手手机 金色 64G全网通
1000+,2000.00,京致二手手机专营店,【二手9成新】二手苹果X 二手苹果手机 Apple iPhoneX 全网通 游戏拍照手机 二手手机 深空灰 256G全网通【100%电池】+【充电器套装】
200+,9719.00,Apple扬笛手机专卖店,Apple iPhone 13 Pro Max (A2644) 5G 全网通双卡双待全面屏长续航手机 石墨色 256GB【官方标配】
200+,1938.00,远洋二手商品专营店,拍拍【二手9成新】苹果xs  Apple iPhone XS 二手手机 国行全网通 金色 64G  全网通
200+,2499.00,京粉二手手机旗舰店,拍拍【二手95新】Apple iPhonex XS(A2100)苹果x xs国行公开版 二手手机 金色 256G全网通『赠充电套装』
1000+,1659.00,京致二手手机专营店,拍拍【二手9成新】二手苹果X 二手苹果手机 Apple iPhoneX 全网通 游戏拍照手机 二手手机 深空灰 64G全网通【100%电池】+【充电器套装】
200+,1759.00,忠诚优品二手手机专营店,拍拍【二手95新】Apple iPhone X 二手苹果X 二手手机 移动联通电信 4G手机 深空灰 64G 全网通
1000+,8999.00,Apple古霖专卖店,Apple iPhone 13 Pro Max (A2644)  支持移动联通电信5G 双卡双待手机 远峰蓝色 128GB
1000+,1388.00,萤火虫二手手机专营店,拍拍【二手9成新】Apple 苹果8 iPhone8 二手苹果手机 二手手机 手机apple 金色 256G
2,1819.00,靓机优品二手手机专营店,拍拍【二手95新】Apple iPhone8 Plus 二手苹果8P 二手手机 移动联通电信4G手机 银色 64G 全网通
200+,5899.00,四川移动京东自营旗舰店,Apple iPhone 13 (A2634) 128GB 午夜色 支持移动联通电信5G 双卡双待手机
500+,446.00,小皮科技二手商品旗舰店,拍拍【已验机】Apple iPhone 苹果SE 非国行 无锁版 插卡即用  二手手机 全网通4G 深空灰 32G
11,3408.00,万事达二手手机专营店,拍拍【二手99新】Apple iPhone 11Pro 苹果国行移动联通电信4G 双卡双待二手手机 墨绿 64GB 全网通
2000+,4399.00,爱相随二手手机专营店,【二手99新】Apple iPhone12 苹果12二手手机 5G双卡双待 国行 二手苹果12手机 黑色 128G 全网通5G【评价有礼】
34,3966.00,好时机二手手机专营店,拍拍【99新】Apple苹果 iPhone 12 苹果12 二手手机 双卡双待 5G全网通 黑色 64G 全网通
1万+,5199.00,Apple嘉世优品专卖店,Apple iPhone 12 (A2404) 移动联通电信5G 双卡双待手机 白色 128G【官方标配+精品壳膜套件+运费险】
200+,7599.00,在一起二手手机专营店,拍拍【准新机】苹果13 Pro Apple iPhone 13 Pro (A2639) 二手5G手机 远峰蓝色 128G 全网通
500+,4888.00,考拉严选二手商品专营店,拍拍【准新机】Apple iPhone 12 苹果12 国行 支持移动联通电信5G 双卡双待 二手手机 白色 128GB【电池效率100%】
500+,4149.00,零一店二手商品专营店,拍拍【二手9成新】Apple苹果 iPhone 12 移动联通电信5G双卡双待手机 红色 128G 全网通
5000+,3358.00,缘翼优品二手手机专营店,【二手95成新】Apple iPhone11 Pro苹果11 Pro 二手手机 手机apple 银色 64G 全网通
83,3358.00,好时机二手手机专营店,拍拍【二手95新】Apple iPhone 11 PRO 二手苹果11pro 二手苹果手机 银色 64G 全网通
500+,3279.00,好采机二手手机旗舰店,拍拍【二手99新】Apple iPhonex XSmax苹果x XSmax 双卡双待国行 二手手机 金色 256G全网通
1000+,6399.00,双果数码二手手机专营店,拍拍【二手8成新】Apple iPhone12ProMax 苹果12 ProMax国行原装二手5G手机 海蓝色 256G全网通
200+,2149.00,万事达二手手机专营店,拍拍【二手99新】Apple iPhone SE2 苹果SE2国行原装三网通A13芯片性能备用二手手机 红色 128GB
2000+,5999.00,中国联通京东自营旗舰店,Apple iPhone 13 mini (A2629) 256GB 蓝色 手机 支持移动联通电信5G【赠大王卡首月免月租】
500+,5858.00,银河信业手机专营店,Apple iPhone苹果13 5G手机【春节不打烊 部分地区可当日达】 午夜色 128GB
500+,1869.00,百世二手手机专营店,拍拍【二手95新】Apple iPhone XS 苹果xs 二手苹果手机 5.8英寸 灰色【评价有礼】 64G 全网通+赠送充电套装
500+,2949.00,拍拍严选官方旗舰店,拍拍【资源机8新】Apple iPhone 11 苹果11手机 大陆国行  拍拍严选 全网通 红色 64G
1000+,5799.00,零一店二手商品专营店,拍拍【二手99成新】Apple iPhone12Pro 苹果12 pro 支持移动联通电信 金色 256GB 【全网通】
57,2888.00,小皮科技二手商品旗舰店,拍拍【已验机】Apple iPhone 苹果11 外版 无锁版 插卡即用 移动联通电信4G手机 黄色 128G
1000+,6299.00,好采机二手手机旗舰店,拍拍【二手8成新】Apple iPhone12ProMax 苹果12 ProMax国行二手手机 海蓝色 256G全网通
5万+,1879.00,拍拍严选官方旗舰店,Apple iPhone XR 苹果xr二手手机 珊瑚色 64G
200+,3069.00,典匠二手手机专营店,拍拍【已验机】Apple iPhone 苹果12/苹果12 mini 二手手机 大陆国行 苹果12 mini【绿色】 128GB
2000+,5899.00,天域手机专营店,【可选12期白条免息】Apple 苹果 iPhone 13 5G手机 星光色 128G(壳膜+品牌充电套装)
2000+,3099.00,考拉严选二手商品专营店,拍拍【二手9成新】苹果XSMAX二手手机 iPhone XS MAX 全网通4G 双卡双待 手机 银色 256G
5000+,3199.00,零一店二手商品专营店,拍拍【二手9成新】Apple iPhone XR 双卡双待 苹果x xr全网通 6.1英寸国行二手手机 珊瑚色 256G 全网通『送充电器套装』
27,3248.00,酷联数码严选优品二手手机专营店,拍拍【二手99新】苹果11二手手机 Apple iPhone11  双卡双待 移动联通电信4G通 绿色 128G 全网通
500+,9018.00,淘金手机旗舰店,Apple 苹果 iPhone 13 Pro (A2639) 支持移动联通电信5G 双卡双待 256GB远峰蓝色 官方标配【赠品牌20W闪充头+晒单有礼】
65,4099.00,在一起二手手机专营店,拍拍【二手95新】Apple iPhone 12 苹果12 二手手机 5G双卡双待 全网通 蓝色 128G 全网通(评价送好礼)
1万+,4049.00,拍拍严选官方旗舰店,拍拍Apple iPhone 11 Pro 苹果11pro手机  二手手机 灰色 256G
5,2699.00,越信二手手机专营店,拍拍【二手99新】Apple 苹果11 iPhone 11 手机通 苹果手机 二手手机 黑色 64G
5000+,8999.00,佳沪电商旗舰店,Apple 苹果 iPhone 12 Pro Max 【苹果13店内可选】5G手机 海蓝色 全网通 256GB
100+,1888.00,万事达二手手机专营店,拍拍【二手99新】Apple iPhoneX 二手苹果X 二手手机 全面屏移动联通电信4G全网通手机 银色 64GB
200+,3599.00,拍拍严选尖货旗舰店,【资源机】Apple iPhone 11 苹果11手机 大陆国行 拍拍严选 99新黑色 128G
2,8199.00,乐亨优品二手商品专营店,拍拍【二手99新】Apple iPhone 13 Pro 苹果13 Pro 国行全网通5G手机 全国联保 远峰蓝色 128GB
2000+,3199.00,小意思二手商品专营店,拍拍【二手95新】Apple iPhone 11 苹果11  二手手机 6.1英寸 国行 双卡双待 黑色 128G全网通
5000+,4599.00,拍拍严选官方旗舰店,拍拍【资源机99新】Apple iPhone 12 苹果12手机 大陆国行  拍拍严选 全网通 白色 128GB【电池效率100%】
2000+,428.00,青年优品二手商品专营店,拍拍【二手9成新】Apple iPhone 6 苹果6 手机苹果 二手手机 4.7英寸 金色 32G全网通【电池效率100%】
200+,5449.00,拍拍严选官方旗舰店,拍拍Apple iPhone 13 支持移动联通电信苹果5G手机 星光色 128GB
100+,1759.00,京致二手手机专营店,【二手9成新】二手苹果X 二手苹果手机 Apple iPhoneX 全网通 游戏拍照手机 二手手机 银白色 64G全网通【百分百电池】+20w超级快充套装
2万+,3199.00,京粉二手手机旗舰店,拍拍【二手99新】Apple iPhonex XSmax(A2104)苹果x xs max国行二手手机 金色 256G全网通『赠充电套装』
200+,1959.00,尚成严选二手手机专营店,拍拍【二手9新】苹果8plus Apple iPhone8plus 二手苹果手机 深空灰 128G通
1000+,828.00,荣盛优品二手手机专营店,拍拍【二手9成新】Apple iPhone7 苹果7 二手苹果手机 国行全网通 4.7英寸 磨砂黑 128G 全网通【电池效率100%】
1000+,5199.00,四川移动京东自营旗舰店,Apple苹果iPhone 12 5G全网通双卡手机 黑色 128GB
500+,2899.00,小龙马二手手机专营店,拍拍【二手95新】苹果xsmax 二手苹果手机 Apple iPhonexsmax 二手手机 深空灰色 256G全网通
200+,5349.00,拍拍严选官方旗舰店,Apple iPhone 13 支持移动联通电信苹果5G手机 蓝色 128GB
200+,8799.00,四川移动京东自营旗舰店,苹果Apple iPhone 12 Pro Max (A2412) 256GB 海蓝色 支持移动联通电信5G 双卡双待手机
1万+,4799.00,银河信业手机专营店,Apple 苹果 iPhone11手机【春节不打烊 部分地区可当日达】  iPhone11（绿色） 128GB
1000+,676.00,机淘淘二手商品专营店,拍拍【二手9成新】Apple iPhone SE 2 苹果se2大陆国行 A13芯片4G全网通 二手手机 SE1代【颜色备注】 64G
2万+,585.00,闪搜二手手机专营店,拍拍【二手9成新】苹果6手机 Apple iPhone6 二手手机 6 s 苹果手机六国行全网通 金色【赠充电器+数据线+壳+膜】【电池100%】 苹果6-64G 全网通
1万+,5638.00,头号卖家旗舰店,【12期免息可选】Apple 苹果 iPhone 12 5G手机 黑色 5G版 128G 12期免息
1000+,13888.00,久汇通手机旗舰店,Apple 苹果iPhone13 Pro Max 苹果13ProMax 5G手机 全网通双卡双待 1TB 远峰蓝色 官方标配+(20w闪充 套装）
100+,9799.00,云南联通京东自营旗舰店,Apple iPhone 13 Pro Max (A2644) 256GB 石墨色 支持移动联通电信5G 双卡双待手机
14,3579.00,拾锦二手商品专营店,拍拍【二手99新】Apple iPhone 12 mini苹果12mini 5.4寸 国行5G 二手手机 海蓝色 128G全网通
500+,6799.00,中国电信自营旗舰店,Apple iPhone 13 (A2634) 256GB 粉色 支持移动联通电信5G 双卡双待手机
100万+,5299.00,Apple产品京东自营旗舰店,京品手机Apple iPhone 11 (A2223) 128GB 黑色 移动联通电信4G手机 双卡双待【购机补贴版】
3,4599.00,豪机汇二手手机专营店,拍拍【二手99新】Apple iPhone 13 mini (A2629) 苹果13mini 二手手机 星光色 128G 全网通
200+,9788.00,Apple美承onezero专卖店,Apple iPhone 13 Pro Max (A2644)支持移动联通电信5G 双卡双待手机 银色 256GB【官方标配】
5000+,8399.00,Apple产品京东自营旗舰店,Apple iPhone 13 (A2634) 512GB 午夜色 支持移动联通电信5G 双卡双待手机【购机补贴版】
0,1419.00,帝企鹅优品二手手机专营店,拍拍【二手9成新】苹果se2 Apple iphone se 2 二代手机 白色 64G 全网通
12,6399.00,上海联通京东自营旗舰店,Apple iPhone 12 (A2404) 256GB 蓝色 支持移动联通电信5G 双卡双待手机
2000+,9168.00,耐谷手机旗舰店,Apple 苹果13Pro Max iPhone 13Pro Max 5G手机 远峰蓝色 128GB
100+,8999.00,四川移动京东自营旗舰店,Apple iPhone 13 Pro Max (A2644) 128GB 远峰蓝色 支持移动联通电信5G 双卡双待手机
1000+,1999.00,原品汇二手商品专营店,拍拍【二手9成新】苹果8Plus Apple iPhone8Plus苹果8P二手手机全新品牌电池质保一年 深空灰 256G 全网通【全新品牌电池100%】
1000+,8299.00,久汇通手机旗舰店,Apple 苹果 iPhone13Pro 苹果13Pro 5G手机 (现货速发 白条12期免息可选） 128GB 远峰蓝色 官方标配+(苹果原装 20w闪充 套装）
500+,1998.00,荣盛优品二手手机专营店,拍拍【二手9成新】苹果x xr Apple iphonex xr 二手苹果手机 二手手机 全网通 白色 64G【送20W快充套装】全网通
1000+,8499.00,上海电信京东自营旗舰店,Apple iPhone 13 Pro (A2639) 128GB 无忧套装 金色 支持移动联通电信5G 双卡双待手机
32,3999.00,重庆电信京东自营旗舰店,Apple苹果iphone SE小屏幕旗舰手机全网通 红色 256GB
1000+,2049.00,原品汇二手商品专营店,拍拍【二手9成新】Apple iPhone X 苹果X 二手苹果二手手机全网通非5G全新品牌电池质保一年 深空灰 256G全网通【全新品牌电池100%】
1000+,4688.00,传奇二手商品专营店,拍拍【准新机电池100%】苹果12 Apple iPhone 12 二手手机 5G全网通 国行双卡双待 绿色 128GB
2000+,1949.00,豪机汇二手手机专营店,拍拍拍拍【二手9成新】Apple iPhoneXR 苹果xr 二手手机 双卡双待 国行全网通 白色 64G 全网通
5000+,5329.00,千瑞达手机旗舰店,苹果12 手机 iphone12 5G全网通  双卡双待 【苹果13可选】 蓝色【苹果12】 全网通128GB+苹果原装20W闪充
10,4599.00,四川移动京东自营旗舰店,Apple苹果iPhone11双卡双待全网通手机 黑色 128GB
3,2968.00,友有严选二手手机专营店,拍拍【二手95新】Apple iPhone 11 苹果11二手非5G 移动联通电信4G备用机 双卡双待 黑色 128G全网通
200+,2598.00,荣盛优品二手手机专营店,拍拍【二手99成新】苹果xsmax Apple iphone xsmax 二手手机 国行 金色 64G 【送20W快充套装】全网通
1000+,8999.00,上海电信京东自营旗舰店,Apple iPhone 13 Pro Max (A2644) 128GB 石墨色 支持移动联通电信5G 双卡双待手机
1000+,6459.00,博恒聚优手机专营店,苹果12 Apple iPhone12全网通5G手机享13重礼【店内苹果13可选】 黑色 128GB【24期免息】
10,8799.00,四川移动京东自营旗舰店,苹果Apple iPhone 12 Pro Max (A2412) 256GB 海蓝色 支持移动联通电信5G 双卡双待手机
12,11499.00,广州电信京东自营旗舰店,Apple iPhone 13 Pro Max 256GB 无忧套装 金色 支持移动联通电信5G 双卡双待手机
38,5899.00,云南电信京东自营旗舰店,Apple iPhone 13 (A2634) 128GB 星光色 支持移动联通电信5G 双卡双待手机
35,6799.00,北京移动京东自营旗舰店,Apple iPhone 13 (A2634) 256GB 蓝色 支持移动联通电信5G 双卡双待手机 苹果13【移动用户专享优惠】
1000+,1638.00,考拉严选二手商品专营店,拍拍【二手9成新】Apple iPhone SE 2 二手手机 苹果SE2 苹果se2手机全网通 黑色 128G
0,5599.00,四川移动京东自营旗舰店,Apple苹果iPhone11双卡双待全网通手机 白色 256GB
4,7999.00,四川移动京东自营旗舰店,Apple iPhone 12 Pro (A2408) 256GB 石墨色 支持移动联通电信5G 双卡双待手机
2000+,8719.00,京东之家官方旗舰店,Apple 苹果 iPhone 12 Pro Max（A2412） 5G手机 海蓝色 128G 套装二：搭配 20W原装闪充
2000+,5199.00,微炫数码旗舰店,Apple苹果iPhone12 5G手机 【苹果13店内可选】 蓝色 128GB【搭配90天碎屏险】
0,4099.00,四川移动京东自营旗舰店,Apple苹果iPhone11双卡双待全网通手机 绿色 64GB
64,9099.00,云南电信京东自营旗舰店,苹果Apple iPhone 12 Pro Max (A2412) 256GB 金色 支持移动联通电信5G 双卡双待手机
1000+,3099.00,青年优品二手商品专营店,拍拍【二手95新】Apple iPhone 11 苹果11 苹果手机 移动联通电信全网通 二手手机 白色 128G 全网通
0,4099.00,四川移动京东自营旗舰店,Apple苹果iPhone11双卡双待全网通手机 紫色 64GB
72,3999.00,云南电信京东自营旗舰店,Apple苹果iphone SE小屏幕旗舰手机全网通 红色 256GB
0,4099.00,四川移动京东自营旗舰店,Apple苹果iPhone11双卡双待全网通手机 红色 64GB
2万+,5058.00,茄子手机旗舰店,Apple 苹果iPhone 12【苹果13店内有售】 5G 手机 绿色 全网通 128GB
100+,8799.00,四川电信京东自营旗舰店,苹果Apple iPhone 12 Pro Max (A2412) 256GB 海蓝色 支持移动联通电信5G 双卡双待手机
1,4099.00,四川移动京东自营旗舰店,Apple苹果iPhone11双卡双待全网通手机 紫色 64GB
44,9748.00,中国电信自营旗舰店,Apple* 苹果iPhone 13Pro Max 双卡双待5G手机 石墨色256G
39,5199.00,江苏电信京东自营旗舰店,Apple iPhone 12 (A2404) 128GB 黑色 支持移动联通电信5G 双卡双待手机J
2000+,8328.00,酷族数码旗舰店,Apple/苹果 iPhone 12 Pro Max 全网通5G手机【苹果13，苹果11店内可选】 海蓝色 全网通 128G【官方标配】
22,8999.00,云南电信京东自营旗舰店,Apple iPhone 13 Pro Max (A2644) 128GB 远峰蓝色 支持移动联通电信5G 双卡双待手机
2,5599.00,四川移动京东自营旗舰店,Apple苹果iPhone11双卡双待全网通手机 红色 256GB
2,3999.00,四川移动京东自营旗舰店,Apple苹果iphone SE小屏幕旗舰手机全网通 红色 256GB
1,3999.00,云南联通京东自营旗舰店,Apple苹果iphone SE小屏幕旗舰手机全网通 红色 256GB
0,4599.00,四川移动京东自营旗舰店,Apple苹果iPhone11双卡双待全网通手机 绿色 128GB
0,4099.00,四川移动京东自营旗舰店,Apple苹果iPhone11双卡双待全网通手机 红色 64GB
200+,12399.00,微炫数码旗舰店,Apple 苹果iPhone 13 Pro Max 5G手机 全网通 远峰蓝色 512GB【20W原装充电套装+壳膜】
2000+,5989.00,微炫数码旗舰店,Apple苹果 iPhone 13 5G手机 双卡双待 星光色 128GB【搭配90天碎屏险】
200+,11158.00,京东之家官方旗舰店,【24期白条分期免息】Apple 苹果 iPhone 13 Pro Max（A2644）5G手机 128G 远峰蓝色（享一年延保） 套装三：24期白条分期免息
5万+,1269.00,博远二手商品专营店,拍拍【二手9成新】苹果7Plus手机 Apple iPhone7Plus 苹果7P 二手手机 磨砂黑 128G 全网通
1000+,6199.00,冰之凯盛手机旗舰店,Apple 苹果 iPhone 11 Pro Max 手机 深空灰色 全网通 64G
1000+,3058.00,熊猫严选二手商品专营店,拍拍【二手9成新】Apple iPhone XS Max 苹果xsmax 国行 二手手机 深空灰色 256G
25,8999.00,四川联通京东自营旗舰店,Apple iPhone 13 Pro Max (A2644) 128GB 远峰蓝色 支持移动联通电信5G 双卡双待手机
1000+,638.00,谷风羽二手手机专营店,拍拍【二手9成新】苹果6 s Apple iPhone6 s 二手手机 苹果手机非plus 国行全网通 金色 苹果6s 64G【电池100%】
500+,3728.00,掌视界数码旗舰店,Apple iPhone XR (A2108)苹果XR 全网通4G手机(新包装)【苹果13店内可选】 黑色 全网通128G
500+,2858.00,壹思海外专营店,京东国际Apple 苹果iphone11 手机（美版有锁激活）电信联通移动4G智能手机苹果11 黑色 64GB美版有锁激活移动联通电信
200+,2856.00,小皮科技二手商品旗舰店,拍拍【已验机】Apple iPhone 苹果xs Max 二手手机 非国行 无锁版 插卡即用 全网通4G 深空灰色 256G
0,8288.00,四川移动京东自营旗舰店,Apple苹果iPhone 11 Pro Max大屏手机 双卡双待 金色 64GB
56,4899.00,成都联通京东自营旗舰店,Apple iPhone 12 mini (A2400) 128GB 黑色 手机 支持移动联通电信5G
1000+,1629.00,青年优品二手商品专营店,拍拍【二手95新】Apple iPhone X 苹果x 二手机 全面屏面容识别 国行 4G全网通二手手机 银色 64GB 全网通
2,5599.00,四川移动京东自营旗舰店,Apple苹果iPhone11双卡双待全网通手机 白色 256GB
27,8299.00,四川联通京东自营旗舰店,Apple iPhone 13 (A2634) 512GB 粉色 支持移动联通电信5G 双卡双待手机
1000+,1569.00,悦蜂二手手机专营店,拍拍【二手9成新】苹果8plus Apple iPhone 8Plus 手机8P 5.5寸 深空灰 64G  全网通
20,5599.00,成都联通京东自营旗舰店,Apple iPhone 12 (A2404) 128GB 紫色 支持移动联通电信5G 双卡双待手机
200+,6499.00,莫拉克手机专营店,苹果Apple iPhone XS Max全网通4G手机双卡双待 深空灰色 256GB
500+,4149.00,拍拍严选尖货旗舰店,拍拍【资源机】Apple iPhone 12 mini 苹果手机 大陆国行 拍拍严选 99新白色 256G【电池效率100%】
1000+,4499.00,千瑞达手机旗舰店,Apple 苹果11 iPhone11 4G手机 全网通【苹果13 店内可选】 白色 全网通 128G（新包装）
1000+,9199.00,江苏电信京东自营旗舰店,Apple iPhone 12 Pro Max (A2412) 256GB 银色 支持移动联通电信5G 双卡双待手机J
200+,2283.00,爱乐优二手商品专营店,拍拍【二手95新】Apple/苹果 iPhone XR 苹果XR 国行 6.1英寸 原装二手手机 蓝色 128G 全网通
65,4399.00,拍拍严选官方旗舰店,拍拍Apple 苹果 iPhone 12 手机 二手手机 苹果手机 99新白色 128GB
1万+,5098.00,鹏瑶旗舰店,Apple 苹果 iPhone 12【苹果13系列店内可选】 5G手机 蓝色 全网通 128GB
500+,4413.12,爱乐优二手商品专营店,拍拍【二手95新】Apple 苹果 iPhone 12 苹果12 国行  原装二手手机 黑色 95新256G
500+,2908.00,京严二手手机专营店,拍拍【二手95新】苹果xsmax Apple iPhone XS Max x 双卡双待 手机 深空灰色 256G全网通
2,3499.00,华信通手机专营店,Apple iPhone SE2 iPhone 苹果se2手机 黑色 128GB
500+,8799.00,Apple古霖专卖店,Apple iPhone 13 Pro (A2639) 支持移动联通电信5G 双卡双待手机 金色 256GB
1000+,2789.00,典匠二手手机专营店,拍拍【已验机】Apple iPhone 11 苹果11 二手苹果手机 大陆国行 黑色 128GB+快充+壳膜套装（膜贴好）
500+,9999.00,千瑞达手机旗舰店,Apple 苹果 iPhone 13 Pro Max (A2644)全网通5G手机（12期免息可选） 远峰蓝色 256GB官方标配
2000+,5199.00,久汇通手机旗舰店,Apple 苹果 iPhone11/苹果11 (新包装)全网通 4G手机 双卡双待 黑色 128G（无充版+12期分期）
1000+,5799.00,双果数码二手手机专营店,拍拍【二手9成新】Apple iPhone12Pro 苹果12 Pro 国行5G二手手机 海蓝色 256G全网通
2万+,945.00,闪搜二手手机专营店,拍拍9成新+】苹果7 Apple iPhone7 二手苹果手机 7 Plus 七 二手手机 国行全网通 磨砂黑色-苹果7-128G【电池100%】 苹果7-128G【全网通】
52,6149.00,成都联通京东自营旗舰店,Apple iPhone 13 (A2634) 128GB 星光色 支持移动联通电信5G 双卡双待手机 【快充套装】
200+,7949.00,京东电竞手机官方旗舰店,Apple 苹果 iPhone 12 Pro (A2408)  支持移动联通电信5G 双卡双待手机 海蓝色 512GB
500+,658.00,熊猫严选二手商品专营店,拍拍【二手9成新】Apple iPhone 6 Plus 苹果6plus 国行 二手手机 金色 64G
200+,1510.00,爱乐优二手商品专营店,拍拍【二手95成新】苹果8p 手机苹果8plus苹果手机 iPhone 8Plus 二手苹果手机 深空灰色 64G  全网通
100+,7699.00,拍拍严选官方旗舰店,拍拍Apple iPhone 13 Pro 支持移动联通电信苹果5G手机 远峰蓝 128G
2000+,4799.00,果粉二手手机专营店,拍拍【二手99新】Apple iPhone11 Pro Max (A2220)苹果11Pro Max二手 暗夜绿色 256G全网通『赠20W PD闪充』
1000+,7699.00,千瑞达手机旗舰店,Apple 苹果12 iPhone12 pro 5G手机 全网通【苹果13店内可选】 海蓝色 256GB
2000+,6038.00,OKSJ手机旗舰店,【新品】Apple 苹果iphone13 支持联通移动电信5G手机 双卡双待 苹果13 粉色 全网通 128GB + 苹果原装20w闪充
1000+,4288.00,优锋派二手商品专营店,拍拍【二手99新】Apple iPhone 12 苹果12 二手手机 5G双卡双待 国行 二手苹果12 绿色 128G
100+,3499.00,拍拍严选官方旗舰店,拍拍【资源机】苹果 iPhone 11 手机 拍拍严选 苹果手机 白色 128GB
500+,4794.00,京东之家官方旗舰店,Apple 苹果 iPhone 11（A2223） 4G手机 新包装 绿色 128G 套装三：搭配 12期白条免息
2000+,1688.00,勿潇电子二手手机专营店,拍拍【二手9新】Apple iPhoneX 苹果X 二手苹果手机 国行全网通 白色 64G 全新品牌电池（100%效率）+20W快充
17,4999.00,全城堂数码专营店,Apple 苹果 iPhone 12  支持移动联通电信5G 蓝色 64G
1000+,5799.00,好采机二手手机旗舰店,拍拍【二手9成新】Apple iPhone12Pro 苹果12 Pro 国行二手5G手机 海蓝色 256G全网通
500+,2120.00,小皮科技二手商品旗舰店,拍拍【已验机】Apple  iPhone 苹果XR 二手苹果手机  非国行 外版 无锁版 插卡即用 黑色 【外版 全网通4G】128G
500+,2120.00,小皮科技二手商品旗舰店,拍拍【已验机】Apple iPhone 苹果XR 二手苹果手机 国行 移动联通电信4G手机 双卡双待 黑色 128G
2000+,1066.00,抖机优品二手手机专营店,拍拍【二手9成新】AppleiPhone8(A1863)苹果8游戏二手手机 金色 64G 全网通『赠充电套装』
500+,13999.00,银河信业手机专营店,Apple iPhone 苹果13ProMax 5G双卡双待手机【春节不打烊 部分地区可当日达】 银色 1TB
2000+,2279.00,龙飞优品二手手机专营店,拍拍【二手95新】苹果x xr Apple iPhone XR 二手苹果手机 双卡双待 黑色+赠蓝牙耳机 128G
500+,2169.00,百世二手手机专营店,拍拍【二手95新】Apple iPhone X 苹果x 二手苹果手机 5.8英寸 银色 256G全网通【白条6期免息】
500+,5899.00,中国移动手机官方旗舰店,Apple 苹果 iPhone 13 mini (A2629)  全网通 5G手机 午夜色 256GB
1000+,545.00,熊猫严选二手商品专营店,拍拍【二手9成新】Apple iPhone 6 苹果6 国行 二手手机 银色 64G
5,5898.00,炜东电商旗舰店,Apple 苹果 iPhone 13 (A2634) 5G 双卡双待手机 星光色 128GB
2000+,3199.00,真不同二手商品专营店,拍拍【二手99新】苹果11 二手苹果手机 Apple iPhone 11 二手手机 黑色 128G 全网通『赠20W PD闪充』
2000+,1909.00,百世二手手机专营店,拍拍【二手95新】Apple iPhone X 苹果x 二手手机 全面屏 苹果手机 5.8英寸 灰色 256G 全网通+赠送充电套装
1000+,2838.00,首昕二手手机专营店,拍拍【二手99新】Apple iPhone 11 苹果11双卡双待二手手机苹果国行全网通二手手机苹果11 紫色【赠：5件套】 64GB
500+,1909.00,百世二手手机专营店,拍拍【二手95新】Apple iPhone X 苹果X 二手苹果手机 灰色 256G 全网通【赠充电套装】
100+,2429.00,爱乐优二手商品专营店,拍拍【二手99新】 Apple iPhone XS 苹果XS 国行 5.8英寸 全网通 二手手机 金色 95新256G 全网通
200+,6888.00,OKSJ手机旗舰店,Apple苹果 iPhone 13 mini (A2629)支持移动联通电信 全网通5G手机 512GB  午夜色 官方标配
200+,9999.00,微炫数码旗舰店,Apple苹果iPhone12 pro max 5G手机 【苹果13店内可选】 海蓝色 512GB【壳膜+品牌充电套装】
29,5899.00,千瑞达手机旗舰店,苹果13 Apple iPhone13 5G手机 午夜色 128GB
2000+,2399.00,龙飞优品二手手机专营店,拍拍【二手95成新】苹果x Apple iPhone X 二手苹果手机 银色 256G全网通
2000+,1199.00,抖机优品二手手机专营店,拍拍【二手9成新】AppleiPhone7Plus(A1661)苹果7Plus游戏二手手机 黑色 128G 全网通『赠苹果充电器』
7,8999.00,一佳手机专营店,Apple iPhone 苹果13 Pro Max 5G手机 石墨色 128GB
20,6999.00,晶翼达手机专营店,Apple 苹果iPhone 12 （白条0首付6期免息可选）全网通手机 蓝色 256GB
200+,7798.00,酷族数码旗舰店,Apple/苹果 iPhone 12 Pro 全网通5G手机【苹果13，苹果11店内可选】 石墨色 全网通 256G【官方标配】
90,5088.00,酷族数码旗舰店,Apple/苹果 iPhone 13 mini 全网通 5G手机【苹果12，苹果11店内可选】 午夜色 全网通 128G【碎屏险季卡+充电套餐】
200+,4299.00,豫穆手机专营店,Apple 苹果 iPhone XR 手机【白条分期6期分期0首付】移动联通电信4G手机 双卡双待 白色 白条分期64GB
5000+,818.00,远洋二手商品专营店,拍拍【二手9成新】Apple iPhone 7 苹果7 国行 二手手机 金色 128G 全网通+180天碎屏险
500+,1138.00,考拉严选二手商品专营店,拍拍【二手95新】苹果8 Apple iPhone 8  二手手机 国行全网通 深空灰 64G
200+,1628.00,华语二手手机专营店,拍拍【二手95新】Apple iPhone SE 2 苹果se2 国行原装二手苹果手机 4G全网通 黑色 128GB
100+,3728.00,酷族数码旗舰店,Apple 苹果手机 iPhone XR 新包装 全网通【苹果13，苹果12店内可选】 黑色 全网通 128G【官方标配】
50,5399.00,莫拉克手机专营店,苹果Apple iPhone XS 全网通4G手机苹果xs 金色 512GB
62,5674.00,京东之家官方旗舰店,【24期白条分期免息】Apple 苹果 iPhone 13 mini （A2629）全网通5G手机 128G 粉色（享一年延保） 套装二：12期白条分期免息
2000+,6699.00,果粉二手手机专营店,拍拍【二手99新】Apple iPhone12 Pro(A2408)苹果12 Pro公开版二手手机5G 海蓝色 256G全网通『严选电池100』
200+,7859.00,华信通手机专营店,Apple iPhone苹果12Pro 5G手机【苹果12promax店内可选】 海蓝色 256G
1000+,861.00,谷风羽二手手机专营店,拍拍【二手9成新】苹果7手机 Apple iPhone7 二手手机 二手苹果手机七 国行全网通非plus 金色【电池100%】 128G全网通
100+,1908.00,小皮科技二手商品旗舰店,拍拍【已验机】苹果X  Apple iPhone X 二手苹果手机 非国行 外版 无锁版 插卡即用 深空灰色 【全网通4G】256G
10,5999.00,APPLE鼎峰专卖店,Apple 苹果 iPhone 13 mini 支持移动联通电信5G手机 全网通手机 星光色 全网通256GB（赠品胜闪充头）
1000+,938.00,考拉严选二手商品专营店,拍拍【二手9成新】国行Apple iPhone 6s Plus 苹果6s Plus二手手机 苹果6sp 金色 128G
500+,4899.00,冰之凯盛手机旗舰店,Apple 苹果 iPhone 11Pro 手机 金色 全网通 64G
500+,2989.00,尚成严选二手手机专营店,拍拍【二手95新】Apple iPhone 11 苹果11 二手苹果手机 国行双卡 黑色 128G全网通
500+,8988.00,OKSJ手机旗舰店,Apple苹果iPhone13 ProMax(A2644)支持移动联通电信 双卡双待全网通5G手机 128GB 银色  官方标配
500+,3049.00,传奇二手商品专营店,拍拍【二手99新】Apple iPhone 12 mini 5G 苹果12mini二手手机12迷你全网通 白色 64GB
20,4699.00,莫拉克手机专营店,苹果Apple iPhone 11 全网通4G手机 白色 128GB新包装简包无充
500+,1148.00,熊猫严选二手商品专营店,拍拍【二手9成新】Apple iPhone 8 苹果8 国行 二手手机 银色 64G
100+,4989.00,忠诚优品二手手机专营店,拍拍【二手95新】苹果12 Apple iPhone 12 (A2404) 二手手机 5G全网通双卡双待 白色 128G【白条12期免息】
500+,3149.00,爱相随二手手机专营店,拍拍【二手99新】Apple iPhone12mini 苹果12mini 二手苹果原装国行二手手机 黑色 64G 全网通 （评价有礼）
1000+,1458.00,远洋二手商品专营店,拍拍【二手9成新】苹果8 Apple iPhone 8 二手手机 国行 全网通 深空灰 256G  全网通
200+,2199.00,盛邦二手手机专营店,拍拍【二手95新】苹果xr Apple iPhone XR 双卡双待 国行通 二手手机 黑色 128G全网通送20W快充
200+,1678.00,人人优选二手手机专营店,拍拍【二手9新】Apple iPhone X 二手苹果X 二手手机 苹果x移动联通电信全网通4G手机 银白色（评价有礼） 64G 全网通
200+,1588.00,番茄二手手机专营店,拍拍【二手9成新】苹果8 Plus手机 Apple iphone 8P 国行 二手 手机 全网通 深空灰 64G全网通＋赠送充电器套装
1000+,4478.00,传奇二手商品专营店,拍拍【二手95新】Apple iPhone 11 Pro Max 苹果11ProMax 国行苹果二手手机 暗夜绿色 256GB 全网通
5000+,1699.00,京选二手手机专营店,拍拍【二手9成新】苹果8plus手机Apple iPhone 8P苹果8p二手苹果手机游戏手机吃鸡王者 黑色 64G 全网通
500+,4688.00,优锋派二手商品专营店,拍拍【二手99新】Apple iPhone 13 mini (A2629) 苹果13mini 二手手机 午夜色【官方在保】 128G
200+,3499.00,在一起二手手机专营店,拍拍【二手99新】Apple iPhone12mini 苹果12mini 5G手机 全网通 二手苹果手机 蓝色 128G 全网通(评价送好礼)
2000+,1789.00,拍拍严选官方旗舰店,拍拍【二手】Apple iPhone SE2 iPhone 苹果se2手机  二手手机 9新白色 64G
2000+,478.00,机淘淘二手商品专营店,拍拍【二手9成新】Apple iPhone se 苹果手机 苹果se手机 国行 全网通 二手手机 玫瑰金 16G 全网通（100%电池）
500+,1828.00,大牛优品二手手机专营店,拍拍【二手9成新】Apple iPhoneXs 苹果Xs 全面屏 5.8英寸  国行全网通 二手手机 金色 【国行-64G】赠充电套装
200+,2199.00,帝企鹅优品二手手机专营店,拍拍【二手9成新】苹果 xr Apple iPhone XR  二手苹果手机 黑色+赠蓝牙耳机 128G
100+,2819.00,卓越优品二手手机专营店,拍拍【二手95新】Apple iPhone 11 二手手机 苹果 11 国行 全网通 双卡 黑色 95新128G
200+,818.00,远洋二手商品专营店,拍拍【二手9成新】 苹果7 Apple iPhone 7 二手手机 国行 全网通 磨砂黑 128G全网通+180天碎屏险
2000+,3058.00,考拉严选二手商品专营店,拍拍【二手9成新】苹果XSMAX二手手机 iPhone xsmax 全网通 双卡双待 国行 深空灰色 256G
43,7699.00,S天海外官方旗舰店,京东国际Apple 苹果 iPhone13手机 支持移动联通电信5G 无锁日版日本直邮 iphone13蓝色 256GB
31,7149.00,首昕二手手机专营店,拍拍【二手99新】Apple iPhone12ProMax 苹果12 Pro Max 双卡双待5G全网通 海蓝色 256G 6期白条免息
200+,268.00,新起点优品二手手机专营店,拍拍【二手8成新】Apple IPhone 4 苹果4s 移动联通版
75,2299.00,原品汇二手商品专营店,拍拍【二手9成新】Apple 苹果xr iPhone xr 苹果二手手机 支持双卡国行 黑色 128G【国行全网通】
200+,4489.00,机淘淘二手商品专营店,拍拍【二手99新】苹果Apple iPhone 13 mini  5G全网通全面屏手机 二手5G手机 蓝色 128G 全网通
74,2199.00,机淘淘二手商品专营店,拍拍【二手99新】Apple iPhone XR 国行 苹果XR 移动联通电信全网通 双卡双待 二手手机 白色 128GB
2000+,2699.00,京粉二手手机旗舰店,拍拍【二手95新】Apple iPhone X XR (A2108) 苹果xr国行通双卡双待二手手机 白色 128G全网通『赠充电套装』
2000+,5699.00,爱相随二手手机专营店,拍拍【二手9成新】Apple iPhone 12Pro 二手苹果12Pro二手苹果手机5G公开版双卡双待 海蓝色 256G 全网通
500+,2229.00,尚成严选二手手机专营店,拍拍【二手9新】苹果xr Apple iPhone xr 二手苹果手机 国行双卡 黑色 128G全网通
15,6299.00,晶翼达手机专营店,Apple iPhone 13 mini （白条分期0首付6期免息可选）全网通手机 粉色 256GB
1000+,2549.00,酷联数码严选优品二手手机专营店,拍拍Apple iPhone X XR  苹果xr二手国行 通用双卡双待二手手机 黑色 99成新 128G
500+,6559.00,悦蜂二手手机专营店,拍拍【二手95新】苹果12Pro Max Apple iPhone12ProMax 5G手机 海蓝色【其他颜色联系客服】 256G全网通【电池效率85以上】
100+,689.00,谷风羽二手手机专营店,拍拍【二手8成新】苹果se手机 Apple iPhonese 拍拍二手手机 苹果手机非5s e国行全网通 银色【电池100%】 64G 全网通
24,8889.00,晶翼达手机专营店,Apple 苹果 iPhone 13 Pro （白条0首付6期免息可选）全网通手机 远峰蓝色 白条分期128GB
500+,2529.00,越信二手手机专营店,拍拍【二手95新】Apple 苹果11 iPhone 11 手机  全网通 苹果手机 二手手机 黑色 64G 全网通【送充电套装】
1万+,1929.00,新诚优品二手手机旗舰店,拍拍【二手9成新】Apple iPhone X 苹果X 二手苹果手机 银白色 64G 全网通【赠送充电套装】
1000+,2299.00,京粉二手手机旗舰店,拍拍【二手99新】Apple iPhone8 Plus(A1864)苹果8 Plus游戏二手手机 银色 256G全网通6期免息
1000+,1618.00,缘翼优品二手手机专营店,拍拍【二手9成新】Apple 苹果x iPhonex 二手苹果手机 二手手机 手机 银色 64G 全网通
1000+,6649.00,在一起二手手机专营店,拍拍【二手99新】Apple iPhone12ProMax 二手苹果12promax 国行原装二手机 海蓝色 256G 全网通
1000+,2049.00,抖机优品二手手机专营店,拍拍【二手95新】Apple iPhonex XS(A2100)苹果x xs国行公开版 二手手机 金色 64G 全网通『赠充电套装』
2000+,1599.00,悦蜂二手手机专营店,拍拍【二手9成新】苹果7 Plus Apple iPhone 7plus 手机 磨砂黑 256G全网通
500+,1999.00,尚成严选二手手机专营店,拍拍【二手95新】苹果8plus Apple iPhone8plus 二手苹果手机 银色 128G全网通
2000+,4010.00,果粉二手手机专营店,拍拍【二手99新】Apple iPhone12 mini(A2400)苹果12 mini国行二手手机 黑色 128G全网通『赠20W PD闪充』
500+,4699.00,抖机优品二手手机专营店,拍拍【二手99成新】Apple iPhone11Pro Max (A2220)苹果11ProMax二手 银色 256G 全网通『赠18W PD闪充』
200+,4699.00,卡仕盾优品二手手机专营店,拍拍【二手9成新】苹果11 Pro Max Apple iPhone 11pro max全面屏游戏手机 深空灰【其他颜色联系客服】 256G 全网通
500+,5008.00,传奇二手商品专营店,拍拍【二手99新】苹果12 Apple iPhone 12 国行原装二手手机 5G双卡双待 二手苹果12 蓝色 256GB 全网通
500+,4499.00,拍拍严选官方旗舰店,拍拍【资源机95新】Apple iPhone 12 苹果12手机 大陆国行  拍拍严选 黑色 128GB【电池效率100%】
2000+,2398.00,荣盛优品二手手机专营店,拍拍【二手95成新】苹果xr Apple iphonexr 二手苹果手机  二手手机 全网通 白色 128G【送20W快充套装】全网通
100+,868.00,熊猫严选二手商品专营店,拍拍【二手95新】Apple iPhone 7 苹果7手机 国行 二手手机 金色 128G
2万+,2059.00,博远二手商品专营店,拍拍【二手9成新】苹果8Plus手机 Apple iPhone 8Plus 苹果8P 二手手机 深空灰 256G 全网通
1000+,2399.00,零一店二手商品专营店,拍拍【二手99成新】Apple 苹果SE2 iPhone se2全网通国行原装二手手机 黑色 64G 全网通
500+,4199.00,京粉二手手机旗舰店,拍拍【二手95新】Apple iPhone11 Pro (A2217) 苹果11Pro 二手手机 深空灰色 256G全网通『赠20W PD闪充』
2000+,3399.00,抖机优品二手手机专营店,拍拍【二手95新】Apple iPhone 11 (A2223) 苹果11双卡双待全面屏游戏 二手手机 黑色 128G 全网通 6期免息
200+,1899.00,熊猫严选二手商品专营店,拍拍【二手9成新】Apple iPhone 8 Plus 苹果8plus 国行 二手手机 深空灰色 256G
200+,2259.00,尚成严选二手手机专营店,拍拍【二手95新】苹果xr Apple iPhone xr 二手苹果手机 国行双卡 黑色 128G全网通
500+,1959.00,青橙严选二手手机专营店,拍拍【二手9成新】苹果XR手机 Apple xr 二手手机 国行全网通 全面屏 红色  XR 64G
200+,3149.00,抖机优品二手手机专营店,拍拍【二手99新】Apple iPhonex XSmax(A2104)苹果x xs max国行二手手机 银色 256G 全网通『赠充电套装』
2000+,1208.00,远洋二手商品专营店,拍拍【二手9成新】苹果7Plus手机 Apple iPhone7Plus 苹果7P 二手手机 国行 磨砂黑 128G  全网通+180天碎屏险
38,3549.00,在一起二手手机专营店,拍拍【二手9成新】Apple iPhone 12 苹果12 二手苹果手机 手机apple 5G双卡双待 白色 64G 全网通
1000+,2048.00,至尚二手商品专营店,拍拍【二手9成新】Apple iPhone X 苹果X 二手苹果手机 深空灰 256G全网通
200+,3299.00,愉快二手手机专营店,拍拍【二手95新】Apple 苹果 iPhone 12 mini (A2400)全网通5G手机 白色 128GB
2000+,1699.00,盘酷优品二手手机专营店,拍拍【二手9成新】苹果8P Apple iPhone 8Plus 苹果8plus 二手手机 国行原装 金色 64G
200+,3099.00,尚成严选二手手机专营店,拍拍【二手9新】Apple iPhone 11 苹果11 二手苹果手机 国行双卡 白色 128G全网通
200+,2099.00,原品汇二手商品专营店,拍拍【二手95成新】苹果8Plus Apple iPhone8Plus苹果8P二手机全新品牌电池质保一年 金色 256G全网通【全新品牌电池100%】
2000+,4199.00,果粉二手手机专营店,拍拍【二手95新】Apple iPhone11 Pro (A2217) 苹果11Pro 二手手机 深空灰色 256G全网通『赠20W PD闪充』
500+,536.00,谷风羽二手手机专营店,拍拍【二手8成新】苹果6手机 Apple iPhone6 二手手机非苹果6s 苹果手机六 国行 全网通 银色 苹果6 【电池100%】 64G 全网通
100+,2619.00,百世二手手机专营店,拍拍【二手95新】Apple iPhonex XSmax 苹果x xs max国行二手苹果手机6.5英寸 金色 256GB【第三方屏幕】
200+,3366.00,好时机二手手机专营店,拍拍【二手99新】Apple iPhone 11 PRO 苹果11pro 二手手机 双卡苹果手机 深空灰色 64G 全网通
500+,1699.00,博远二手商品专营店,拍拍【二手9成新】苹果x手机 Apple iPhone X  国行全网通 二手手机 深空灰 64G 全网通
1000+,3258.00,华语二手手机专营店,拍拍【二手9成新】Apple iPhone 12mini 苹果12mini 二手苹果手机 5G全网通 蓝色 128GB
500+,2598.00,荣盛优品二手手机专营店,拍拍【二手95成新】 Apple iPhone11 苹果11 二手苹果手机 双卡双待 国行 白色 64G 【全网通】送20W快充
13,1459.00,忠诚优品二手手机专营店,拍拍【二手95新】Apple 苹果8 iPhone8 4G全网通 二手苹果手机 智能手机 4.7英寸 银色 64G
64,4499.00,拍拍严选官方旗舰店,拍拍Apple iPhone 13 mini 支持移动联通电信苹果5G手机 午夜色 128GB
1000+,2088.00,京品严选二手手机专营店,拍拍【二手9新】Apple iPhoneX 苹果X 二手手机 国行全网通 深灰色 256G 全网通
500+,4799.00,果粉二手手机专营店,拍拍【二手99新】Apple iPhone 12(A2404)苹果12国行公开版5G双卡双待二手 蓝色 128G全网通『赠20W PD闪充』
200+,2466.00,京品严选二手手机专营店,拍拍【二手95新】苹果x xr Apple iPhone XR 二手苹果手机 国行全网通 白色 128G 全网通
100+,6199.00,鹏瑶旗舰店,Apple 苹果 iPhone11 手机 双卡双待 12期免息 黑色 全网通128G 新包装（白条24期免息）
200+,999.00,发靓机优品二手手机专营店,拍拍【二手99新】Apple iPhone7 苹果7二手 4.7英寸 国行全网通  送365天碎屏险 玫瑰金  128G
500+,999.00,好时机二手手机专营店,拍拍【二手95新】Apple iPhone 6s Plus 二手苹果6splus 二手手机 4G全网通 玫瑰金 128G全网通 【电池100%】
500+,1849.00,百世二手手机专营店,拍拍【二手95新】Apple 苹果x iPhonex 二手苹果 国行全网通 二手全面屏手机 深空灰 256G【第三方屏幕】
200+,2599.00,抖机优品二手手机专营店,拍拍【二手99成新】Apple iPhone X XR (A2108) 苹果xr国行全网通双卡双待二手 白色 128G 全网通『赠充电套装』
2000+,2499.00,抖机优品二手手机专营店,拍拍【二手95新】Apple iPhonex XSmax(A2104)苹果x xs max国行二手手机 金色 64G 全网通『赠充电套装』
500+,2358.00,熊猫严选二手商品专营店,拍拍【二手9成新】Apple iPhone XS 苹果xs 国行 二手手机 金色 256G
200+,6749.00,传奇二手商品专营店,拍拍【二手99新】Apple iPhone 12 Pro Max 二手苹果12ProMax 国行原装手机 石墨色 256GB 全网通
500+,2318.00,萤火虫二手手机专营店,拍拍【二手9成新】苹果xsmax Apple iPhone XS Max x 双卡双待 金色 64G
1000+,1259.00,越信二手手机专营店,拍拍【二手9成新】苹果8 Apple iPhone 8 二手苹果手机 国行全网通 深空灰 64G 全网通【原装充电器】
200+,2598.00,原品汇二手商品专营店,拍拍【二手95成新】iPhone XsMax 苹果xs max Apple  国行 双卡双待二手苹果手机 灰色 64G【官方品牌电池100%】
100+,2135.00,优质二手手机专营店,拍拍【二手9成新】苹果X手机 Apple iPhoneX 二手手机国行 黑色 256G
2000+,2299.00,抖机优品二手手机专营店,拍拍【二手9成新】Apple iPhone X XR (A2108) 苹果xr国行全网通双卡双待二手 黑色 128G 全网通『赠充电套装』
100+,1138.00,熊猫严选二手商品专营店,拍拍【二手95新】Apple iPhone 8 苹果8 国行 二手手机 金色 64G
73,2499.00,乐亨优品二手商品专营店,拍拍【二手9成新】苹果xr Apple iPhone XR 双卡双待 国行全网通 二手手机 黑色 128G全网通
2000+,2449.00,博远二手商品专营店,拍拍【二手9成新】苹果XS Max Apple iPhone xs max 国行MAX 二手手机双卡双待 深空灰 64G 全网通
5,8299.00,佳沪电商旗舰店,【24期免息】Apple 苹果 iPhone 13 5G手机 蓝色 全网通 256GB+无忧卡 2年电池换新+1年延保
18,2438.00,熊猫严选二手商品专营店,拍拍【二手95新】Apple iPhone XS 苹果xs手机 国行 二手手机 灰色 256G
500+,2059.00,悦蜂二手手机专营店,拍拍【二手9成新】苹果x手机 Apple iPhone X  国行全网通 二手手机 深空灰 256G全网通
500+,1379.00,越信二手手机专营店,拍拍【二手99新】苹果8 Apple iPhone 8 二手苹果手机 国行全网通 金色 64G 全网通 【原装充电器】
1000+,2099.00,果粉二手手机专营店,拍拍【准新机】Apple iPhone x(A1865)苹果x 国行公开版全面屏游戏二手手机 银色 64G全网通 『严选品质电池效率100』
34,4788.00,传奇二手商品专营店,拍拍【二手99新】Apple iPhone 11 Pro Max 苹果11ProMax 国行原装二手手机 深空灰 256G 全网通
1000+,1928.00,大牛优品二手手机专营店,拍拍【二手95新】Apple iPhoneXs 苹果Xs 全面屏 5.8英寸  国行全网通 二手手机 金色    64G
200+,1149.00,首昕二手手机专营店,拍拍【二手95成新】苹果8手机 Apple iPhone8 二手苹果手机 国行原装二手手机 全网通 金色【赠:5件套】 64GB
200+,2499.00,爱相随二手手机专营店,拍拍【二手9成新】Apple iPhone XS 苹果xs x二手苹果手机 金色 256G 全网通【评价有礼】
500+,2829.00,百世二手手机专营店,拍拍【二手95新】Apple iPhonex XSmax 苹果x xs max国行二手苹果手机6.5英寸 银色 256GB 全网通
500+,6688.00,华语二手手机专营店,拍拍【二手99新】Apple iPhone 12 Pro Max 二手苹果12promax 5G手机 海蓝色 256G 全网通
1000+,1908.00,万事达二手手机专营店,拍拍【二手9成新】Apple iPhone8Plus 苹果8Plus 移动联通电信全网通 8P二手手机 深空灰 256GB
500+,1538.00,远洋二手商品专营店,拍拍【二手9成新】苹果8Plus手机 Apple iPhone 8Plus 苹果8P 国行 二手手机 深空灰 64G 全网通
2000+,2588.00,和初二手商品专营店,拍拍【二手95成新】苹果xs max 二手手机 Apple iPhone XS Max国行 双卡双待 金色64G  全网通
2000+,1699.00,越信二手手机专营店,拍拍【二手9成新】苹果x手机 Apple iPhonex 苹果x 二手苹果手机 银白色 64G 全网通【充电套装】
4,2658.00,优锋派二手商品专营店,拍拍【已验机】Apple iPhone 11 苹果11 游戏手机4G手机 双卡双待 二手苹果手机 白色 64G
100+,2609.00,拍拍严选尖货旗舰店,拍拍Apple iPhone 11 苹果11手机  二手手机 95新绿色 64G
200+,1049.00,乐亨优品二手商品专营店,拍拍白条3期免息【二手95新】国行Apple iPhone 6s Plus 苹果6sP 二手手机 金色 128G全网通+365天碎屏险
1万+,2518.00,新诚优品二手手机旗舰店,拍拍【二手9成新】Apple iPhone 11 苹果11 移动联通电信4G通 双卡双待 二手手机 黑色 64G
42,2468.00,万事达二手手机专营店,拍拍【二手99新】Apple iPhoneXR 苹果X XR 双卡双待 国行三网通 二手苹果手机 黑色 128GB 全网通
500+,6869.00,果粉二手手机专营店,拍拍【准新机】Apple iPhone 12ProMax(A2412)苹果12ProMax二手5G 石墨色【严选电池100】 128G全网通『赠20W PD闪充』
200+,2859.00,新诚优品二手手机旗舰店,拍拍【二手95新】Apple iPhone 11 苹果11 双卡双待 二手手机 黑色 128G全网通
500+,6888.00,佳沪电商旗舰店,Apple 苹果 iPhone 13 mini 5G手机 红色 全网通 512GB【搭配90天碎屏保障】
100+,1469.00,机淘淘二手商品专营店,拍拍【二手99新】Apple iPhone SE 2 苹果se2 国行 A13 4G全网通 二手手机 黑色 64GB
200+,2299.00,勿潇电子二手手机专营店,拍拍【二手95新】苹果xr Apple iPhone XR 双卡双待 国行全网通 二手手机 红色 128G 全网通
1000+,1489.00,机淘淘二手商品专营店,拍拍【二手95新】Apple iPhone SE 2 苹果se2大陆国行 A13芯片4G全网通 二手手机 黑色 64G
100+,3188.00,京品严选二手手机专营店,拍拍【二手99新】Apple iPhone 11 二手苹果11手机 二手手机 全网通4G手机双卡双待 白色 128G 全网通
2000+,698.00,和初二手商品专营店,拍拍【二手9成新】苹果(Apple)2手手机iphone6国行全网通官网可查二手手机 金色64G
63,1329.00,荣盛优品二手手机专营店,拍拍【二手95成新】Apple iphone 7Plus 苹果 7Plus 二手手机 国行 全网通 磨砂黑 128G【国行全网通】
2000+,5701.00,爱乐优二手商品专营店,拍拍【二手99成新】Apple iPhone 13 苹果13原装二手手机 6.1英寸全网通5G 午夜色 95新128G 全网通
100+,2899.00,爱相随二手手机专营店,拍拍【二手95新】Apple iPhone 11 苹果11双卡双待 二手手机 黑色 128G 全网通
200+,4149.00,愉快二手手机专营店,拍拍【二手95新】 Apple iPhone 12 苹果12全网通5G版 双卡双待 蓝色 128G全网通5G
5000+,1155.00,闪搜二手手机专营店,拍拍【二手9成新+】苹果8 Apple iPhone8 二手手机 苹果手机 8 7 PLUS 全网通国行 金色 苹果8-64G【全网通】
200+,828.00,熊猫严选二手商品专营店,拍拍【二手9成新】Apple iPhone 6s Plus 苹果6splus 国行 二手手机 玫瑰金 64G
200+,696.00,谷风羽二手手机专营店,拍拍【二手8成新】苹果6 plus Apple iPhone6 Plus 二手苹果手机 国行 全网通 金色 苹果6 plus 【电池100%】 64G 全网通
200+,1608.00,易选优品二手手机专营店,拍拍【二手9成新】Apple iPhone X 苹果x 全面屏十周年纪念版 面容 二手手机 深空灰色 64G
100+,3788.00,传奇二手商品专营店,拍拍【二手99新】Apple iPhone 11 Pro 苹果11pro国行二手苹果手机 全网通 暗夜绿色 64GB(准新机电池100%)
500+,2399.00,果粉二手手机专营店,拍拍【二手9成新】Apple iPhone x(A1865)苹果x 国行公开版全面屏游戏二手手机 深空灰 256G全网通  6期免息
500+,1076.00,谷风羽二手手机专营店,拍拍【二手9成新】苹果8手机 Apple iPhone8 拍拍二手手机 苹果手机 国行 全网通 国行 金色 苹果8 【电池100%】 64G 全网通
31,9499.00,搜酷手机专营店,Apple 苹果 iPhone 13 Pro (A2639) 支持移动联通电信5G 双卡双待手机 远峰蓝色 256G 套餐一
100+,1258.00,远洋二手商品专营店,拍拍【二手95新】苹果7 plus Apple iPhone 7 Plus 苹果7P 全网通 黑色 128G 全网通
200+,1188.00,京品严选二手手机专营店,拍拍【二手95新】苹果8 二手苹果手机 Apple iPhone8 国行全网通 二手手机 金色 64G 全网通
1000+,4399.00,零一店二手商品专营店,拍拍【二手95成新】Apple苹果 iPhone 12 移动联通电信5G双卡双待手机 黑色 128GB全网通
100+,5599.00,华语二手手机专营店,拍拍【二手99新】Apple iPhone 12Pro 苹果12Pro  国行二手苹果手机 5G全网通 银色 128G 全网通
2000+,2499.00,晨辉銮二手手机专营店,拍拍【二手95新】Apple iPhone X 二手苹果X 二手手机 移动联通电信4G手机 银白色 256G 全网通 全新品牌电池（100%电池效率）
5000+,1699.00,小意思二手商品专营店,拍拍【二手95新】Apple iPhone8 Plus 苹果8 Plus 二手手机 5.5英寸 国行 金色 64G全网通
85,2499.00,果粉二手手机专营店,拍拍【二手99成新】Apple iPhone x(A1865)苹果x 国行公开版二手手机 银色 256G全网通  6期免息
5000+,1149.00,小意思二手商品专营店,拍拍【二手9成新】Apple iPhone 7 Plus 苹果7Plus 二手手机 5.5英寸 国行 亮黑色 32G全网通
2000+,685.00,闪搜二手手机专营店,拍拍【二手9成新】apple 苹果6 苹果6s iPhone6  二手苹果手机苹果六 6s plus国行 金色【电池100%】  苹果6S-64G 全网通
200+,1229.00,荣盛优品二手手机专营店,拍拍【二手9成新】Apple iphone 7Plus 苹果 7Plus 二手手机 国行 全网通 磨砂黑 128G【全网通】
1000+,4010.00,真不同二手商品专营店,拍拍【二手95新】Apple iPhone 苹果11 Pro (A2217)  移动联通电信4G手机 暗夜绿色 256GB『赠20W PD闪充』
100+,3749.00,机淘淘二手商品专营店,拍拍【二手95新】Apple iPhone 11 Pro 苹果11 Pro二手手机 双卡双待 二手手机 深空灰 256G全网通
55,6188.00,优锋派二手商品专营店,拍拍【二手99新】Apple iPhone12 ProMax(A2412) 苹果12Promax二手手机 石墨色 128G
19,4299.00,拍拍严选官方旗舰店,拍拍Apple 苹果 iPhone 12 手机 二手苹果 苹果手机 95新绿色 128GB
2,1699.00,真不同二手商品专营店,拍拍【二手9成新】Apple iPhone X 二手苹果X 二手手机 移动联通电信4G手机 深空灰 64G
2000+,595.00,闪搜二手手机专营店,拍拍【二手9成新+】苹果6手机 Apple iPhone6 二手手机6s 苹果手机六国行全网通 银色【赠送充电器+数据线+壳+膜】【电池100%】 苹果6-64G 全网通
2000+,1148.00,至尚二手商品专营店,拍拍【二手9成新】Apple 苹果8 iPhone8 苹果手机 二手苹果8 二手苹果手机 深空灰 64G全网通
2000+,2399.00,拾锦二手商品专营店,拍拍【二手9成新】iPhone XR 苹果XR国行6.1寸全网通 黑色 128G全网通
49,5599.00,天域手机专营店,【现货速发】Apple 苹果 iPhone 13 mini 5G手机 红色 128G(白条6期分期免息)
1000+,649.00,好时机二手手机专营店,拍拍【二手9成新】Apple iPhone SE 苹果se 二手苹果手机 4G全网通 银色 32G全网通【电池100%】
200+,3937.00,疆界互联旗舰店,【全新正品】Apple 苹果 iPhone XR (A2108)  移动联通电信4G手机 双卡双待 黑色 128GB【充电套装2】苹果块冲头+有线耳机
1000+,2999.00,人人优选二手手机专营店,拍拍【二手95新】苹果11 Apple iPhone 11 全网通 二手手机苹果 白色 64G 全网通
200+,1089.00,乐亨优品二手商品专营店,拍拍【二手99新】Apple iPhone7苹果7二手手机国行全网通 4.7英寸二手苹果手机 磨砂黑 128G 全网通
0,6193.00,爱乐优二手商品专营店,拍拍【二手99新】Apple 苹果 iPhone 12 Pro 苹果12Pro 国行 原装二手手机 海蓝色 99新256G
500+,508.00,易选优品二手手机专营店,拍拍【二手9成新】苹果6s手机 Apple iPhone 6s二手手机 国行全网通备用机carpaly 深空灰色 16G全网通+100%电池
500+,919.00,机淘淘二手商品专营店,拍拍【二手9成新】Apple iPhone 6s Plus 苹果6s Plus 4G全网通 苹果二手手机 玫瑰金 128G全网通【电池100%】
1000+,648.00,机淘淘二手商品专营店,拍拍【二手9成新】Apple iPhone6 Plus 苹果6 plus 苹果手机 4G全网通 二手手机 银色 64G 全网通
1000+,1799.00,凯立胜二手手机专营店,拍拍【二手99新】苹果8 Apple iPhone 8 二手苹果手机 国行全网通 金色 256G全网通
100+,969.00,发靓机优品二手手机专营店,拍拍【二手95新】Apple iPhone 6s Plus 苹果6SP 5.5英寸 国行全网通 二手手机 银色 128G全网通+180天店铺保修
75,10399.00,华信通手机专营店,Apple iPhone苹果13 ProMax 5G手机 远峰蓝色 256G【原装20W闪充】
92,919.00,机淘淘二手商品专营店,拍拍【二手9成新】Apple iPhone 6s Plus 苹果6SP 4G三网全网通 苹果二手手机 玫瑰金 128G全网通【电池100%】
26,2899.00,在一起二手手机专营店,拍拍【二手95新】苹果二手Apple iPhone 11（A2223）移动联通电信4G手机 双卡双待 紫色 128G 全网通(评价送好礼)
15,5989.00,长嘉二手手机专营店,拍拍【二手99新】Apple iPhone12Pro 苹果12Pro二手国行原装5G手机二手苹果手机 99新海蓝色 256G
200+,4591.00,爱乐优二手商品专营店,拍拍【二手99新】Apple/苹果 iPhone 12 MINI 苹果 12mini 国行 原装二手手机 红色12 256G
100+,2999.00,果粉二手手机专营店,拍拍【二手99新】Apple iPhone X XR (A2108) 苹果xr国行通双卡双待二手手机 蓝色 128G全网通苹果 12期免息
200+,1568.00,荣盛优品二手手机专营店,拍拍【二手9成新】苹果8plus Apple iPhone8plus 二手苹果手机 全网通 金色 64G【电池100%】全网通
10,4599.00,阿积士通讯专营店,APPLE 苹果（Apple） Apple 苹果 iPhone Xs 手机 办合约立减100元 金色 全网通 256G
2000+,2669.00,盘酷优品二手手机专营店,拍拍【二手95新】苹果xr Apple iPhone XR 双卡双待 二手苹果手机 国行全网通 白色 128G 全新品牌电池（100%电池效率）
200+,6799.00,华语二手手机专营店,拍拍【准新机电池100%】Apple iPhone12 Pro Max 苹果12ProMax 二手手机 海蓝色 128G 5G全网通
12,6799.00,抖机优品二手手机专营店,拍拍【二手99新】Apple iPhone 12ProMax(A2412)苹果12ProMax二手5G 海蓝色 256G全网通『赠20W PD快充』
100+,639.00,机淘淘二手商品专营店,拍拍【二手9成新】Apple iPhone se  SE2 苹果二手手机 国行4G全网通 二手手机 玫瑰金 64G 全网通（100%电池）
100+,2388.00,长嘉二手手机专营店,拍拍【二手95成新】Apple iPhone XR 苹果xr 苹果手机iPhonexr双卡双待二手手机 黑色 128G【送20W快充套装】
200+,1098.00,臻选优品二手商品专营店,拍拍【二手9成新】Apple 苹果8 iPhone8 苹果手机 手机 二手苹果手机 灰色 64G
500+,3249.00,在一起二手手机专营店,拍拍【准新机】Apple iPhone 12mini(A2400)苹果12mini 5G二手苹果手机 蓝色 64G 全网通(电池健康100%)
200+,2288.00,优锋派二手商品专营店,拍拍【已验机】Apple iPhone X 二手苹果X 二手手机 移动联通电信4G手机 苹果手机 深空灰 256G『赠18W PD快充』
74,2399.00,愉快二手手机专营店,拍拍【二手95新】Apple iPhoneXs Max 苹果xsmax 国行双卡 二手手机Xsmax 金色 64G通
500+,3899.00,爱相随二手手机专营店,拍拍【准新机】Apple iPhone 12mini 苹果12mini二手苹果12mini 二手手机 绿色 128G 全网通【电池效率100%】
94,11888.00,传奇二手商品专营店,拍拍【准新机】Apple iPhone 13 Pro Max 苹果13ProMax 二手苹果手机 全网通 金色 1TB【官方在保】
6,3599.00,乐亨优品二手商品专营店,拍拍【二手99新】苹果Apple iPhone 11 Pro 二手手机 国行 双卡 全网通 4G 黑 色 4G+64G
200+,3949.00,首昕二手手机专营店,拍拍【二手95成新】Apple iPhone11Pro二手手机苹果二手手机11pro双卡双待国行二手机 暗夜绿色【赠:5件套】 256GB
2000+,1549.00,抖机优品二手手机专营店,拍拍【二手95新】AppleiPhone8Plus(A1864)苹果8Plus游戏二手手机 银色 64G 全网通『赠充电套装』
75,2399.00,乐亨优品二手商品专营店,拍拍【二手99新】苹果X 二手手机 国行 iphonex 面容识别 iPhone X 全网通4G 银色  256G  全网通
95,3499.00,华语二手手机专营店,拍拍【二手99新】Apple iPhone 11 苹果11双卡双待 二手手机 红色（赠20W PD快充） 128G 全网通
200+,6599.00,爱相随二手手机专营店,拍拍【二手95新】Apple iPhone12 Pro Max 苹果12 ProMax国行原装二手 海蓝色 256G 全网通【评价有礼】
200+,2499.00,帝企鹅优品二手手机专营店,拍拍【二手99新】苹果xr Apple iPhonex XR 二手苹果手机 双卡双待 黄色 128G
200+,2198.00,荣盛优品二手手机专营店,拍拍【二手9新】Apple iPhoneX 苹果x 二手苹果手机 国行全网通5.8英寸 银色 256G【电池效率100%】全网通
100+,3299.00,传奇二手商品专营店,拍拍【二手95新】Apple iPhone 12 mini 5G 苹果12mini二手手机12迷你全网通 黑色 128GB
100+,1339.00,机淘淘二手商品专营店,拍拍【二手95新】Apple iPhone7 Plus 国行 苹果7P 移动联通电信全网通 二手手机 银色 128G全网通【电池100%】
200+,2949.00,勿潇电子二手手机专营店,拍拍【二手95新】Apple iPhonexs max Xsmax 苹果xsmax 二手苹果手机 深空灰 256G 全网通
76,5490.00,爱乐优二手商品专营店,拍拍【二手99新】Apple 苹果 iPhone 12 Pro 苹果12Pro 国行 原装二手手机 海蓝色 9新128G
200+,2049.00,万事达二手手机专营店,拍拍【二手95新】Apple iPhone SE2 苹果SE2国行原装三网通A13芯片性能备用二手手机 黑色 128G全新品牌电池(100%电池效率)
200+,5288.00,传奇二手商品专营店,拍拍【准新机电池100%】Apple iPhone 11 Pro Max 二手苹果11ProMax全网通 深空灰色 256GB(准新机)
77,638.00,远洋二手商品专营店,拍拍【二手9成新】苹果6 plus Apple iPhone6 Plus 二手手机 非苹果6 国行 金色 64GB+180天碎屏险
30,4099.00,抖机优品二手手机专营店,拍拍Apple iPhone 12(A2404)苹果12国行5G双卡双待二手手机 白色 9成新 128G通『赠20W PD快充』
100+,3999.00,京粉二手手机旗舰店,拍拍【二手99新】Apple iPhonex XSmax(A2104)苹果x xs max国行二手手机 金色 256G全网通苹果 12期免息
98,6499.00,果粉二手手机专营店,拍拍【二手95新】Apple iPhone12 Pro Max(A2412)苹果12ProMax二手手机 海蓝色 128G全网通『赠20W PD闪充』
200+,1779.00,越信二手手机专营店,拍拍【二手95新】苹果8 Apple iPhone 8 二手苹果手机 国行全网通 深空灰 256G 全网通 【原装充电器】
6,3799.00,爱相随二手手机专营店,拍拍【二手8成新】Apple iPhone 12 苹果12 二手手机 5G双卡双待 国行原装 二手苹果 绿色 128G （评价有礼）
100+,861.00,谷风羽二手手机专营店,拍拍【二手8成新】苹果7手机 Apple iPhone7 二手手机 二手苹果手机七 国行全网通非plus 银色【电池100%】 128G全网通
100+,2599.00,青橙严选二手手机专营店,拍拍【二手9成新】苹果11 Apple  iphone11 手机apple 苹果11二手手机 黑色 64G
100+,1746.00,谷风羽二手手机专营店,拍拍【二手9成新】苹果X手机 Apple iPhoneX 二手手机 苹果手机 国行 全网通 国行 银白色 64G 全网通
200+,4089.00,好采机二手手机旗舰店,拍拍【二手99新】Apple iPhone11 Pro 苹果11pro 原装二手手机 双卡双待 暗夜绿色 256G全网通【评价有礼】
34,1556.00,爱乐优二手商品专营店,拍拍【二手95新】Apple iPhone 8 苹果 二手手机 国行 全网通4.7英寸工作学生备用机 银白色 256G 全网通
500+,1258.00,考拉严选二手商品专营店,拍拍【二手95新】苹果7 Plus Apple iPhone 7 Plus 苹果7P 国行全网通 银色 128G
100+,1919.00,优锋派二手商品专营店,拍拍【二手9新】苹果8 二手手机 Apple iPhone8 二手苹果 全网通 iPhone 8 国行 银色 256G
92,1508.00,远洋二手商品专营店,拍拍【二手95新】苹果8 Apple iPhone 8  二手手机 国行 全网通 深空灰 256G 全网通
84,1199.00,愉快二手手机专营店,拍拍【二手9成新】苹果7Plus手机 Apple iPhone7Plus 苹果7P 二手手机 银色 128G通
200+,6499.00,在一起二手手机专营店,拍拍【准新机】Apple iPhone12 Pro(A2408)苹果12 Pro公开版二手手机 海蓝色 256G 全网通(电池健康100%)
200+,2449.00,首昕二手手机专营店,拍拍【二手95新】Apple iPhone XS 苹果xs 国行 原装 二手手机 全网通 现货速发 白色【赠:5件套】 256G
71,478.00,机淘淘二手商品专营店,拍拍【二手9成新】Apple iPhone se\\SE2 苹果se二手手机 国行4G全网通 二手手机 玫瑰金 16G 全网通（100%电池）
200+,1999.00,京选二手手机专营店,拍拍【已验机】苹果8手机非国行 Apple iPhone 8 苹果8  二手苹果手机 黑色 256G【非国行移动联通版】
200+,799.00,勿潇电子二手手机专营店,拍拍【二手95成新】Apple iPhone7苹果7二手手机国行全网通 4.7英寸二手苹果手机非5G手机 金色 32G 全网通
8,4749.00,豪机汇二手手机专营店,拍拍【二手99新】Apple iPhone 12 苹果12 二手手机 5G双卡双待 国行 黑色【赠：品牌5件套】 128G 全网通 白条6期免息
1000+,3039.00,拾锦二手商品专营店,拍拍【二手99新】Apple iPhone12 mini 苹果12mini全网通12迷你 5G 白色 64G全网通
89,709.00,好时机二手手机专营店,拍拍【二手95新】Apple iPhone6 Plus 苹果6plus 二手苹果手机 4G全网通 金色 64G全网通 【电池100%】
100+,759.00,博之襄二手手机专营店,拍拍【二手9成新】Apple iPhone7 苹果7 电池  （100%） 二手手机  全网通 土豪金 32G 全网通（电池100%）
200+,2799.00,好时机二手手机专营店,拍拍【二手99新】Apple iPhone 11 苹果11 二手苹果手机 二手手机 黄色 64G 全网通
500+,3949.00,在一起二手手机专营店,拍拍【二手95新】Apple iPhone 11pro max（A2220）苹果11promax二手手机 金色 64G 全网通
2000+,4499.00,零一店二手商品专营店,拍拍【准新机】Apple iPhone 11 苹果11手机 大陆国行 官换资源机二手手机 白色 256G 全网通【准新资源机激活】
100+,2279.00,卓越优品二手手机专营店,拍拍【二手95新】Apple iPhone XR 二手手机 苹果 XR 国行 全网通  双卡 双待 白色 95新 128G
9,2669.00,忠诚优品二手手机专营店,拍拍【二手95新】苹果x iPhonex 二手苹果手机 苹果apple 面容ID 超大全面屏 无线充电 银色 256G【白条12期免息】
100+,2999.00,悦蜂二手手机专营店,拍拍【二手9成新】苹果XS Max Apple iPhone xs max 国行MAX 二手手机双卡双待 银色 256G全网通
1000+,3049.00,帝企鹅优品二手手机专营店,拍拍【二手95新】苹果11二手 Apple iPhone 11 苹果手机 全网通 黑色 128G 全网通
200+,868.00,远洋二手商品专营店,拍拍【二手95新】苹果7 Apple iPhone 7 苹果 7  二手手机 国行 全网通 磨砂黑 128G 全网通
200+,2000.00,小皮科技二手商品旗舰店,拍拍【已验机】Apple iPhone苹果SE2 苹果A13处理器 二手苹果手机 国行 全网通4G手机 红色 256G
84,3099.00,勿潇电子二手手机专营店,拍拍【二手99新】Apple iPhonex Xsmax苹果xsmax 二手苹果手机 银色 256G 全网通 下单赠快充+耳机
200+,1208.00,熊猫严选二手商品专营店,拍拍【二手9成新】Apple iPhone 7 Plus 苹果7plus 国行 二手手机 中国红 128G
92,3000.00,愉快二手手机专营店,拍拍【二手95新】苹果11 二手苹果手机 Apple iPhone 11 二手手机 白色 128G全网通4G
4,4699.00,八连星手机专营店,苹果（Apple） Apple 苹果 iPhone Xs 手机 银色 全网通256GB
2000+,2268.00,荣盛优品二手手机专营店,拍拍【二手95成新】Apple iPhoneX 苹果x 二手苹果手机 国行全网通5.8英寸 深空灰 256G【全网通】
100+,1899.00,番茄二手手机专营店,拍拍【二手95新】苹果8plus二手手机全网通机5.5寸  iphone 8plus 二手苹果手机 深空灰 256G全网通＋赠送充电器套装
100+,699.00,乐亨优品二手商品专营店,拍拍白条3期免息【二手9成新】Apple iphone 6 苹果6  6代 二手手机 金色 64G+全网通
500+,2948.00,大牛优品二手手机专营店,拍拍【二手95新】iPhoneXs Max 苹果XsMax 双卡双待 大陆国行全网通  6.5寸二手手机 金色 256G【下单即赠礼包】
200+,1498.00,友有严选二手手机专营店,拍拍【二手9成新】Apple iPhone8 苹果8 国行二手手机非5G备用机 金色 256G全网通
1000+,2049.00,双果数码二手手机专营店,拍拍【二手9成新】Apple iPhoneXS 苹果XS国行原装 二手苹果手机 银色 64G全网通
98,476.00,谷风羽二手手机专营店,拍拍【二手8成新】苹果5s手机 Apple iPhone5s 二手手机 苹果手机非5se 国行 全网通 深灰色 苹果5s 【电池100%】 移动联通双4G(16G)
100+,2579.00,盘酷优品二手手机专营店,拍拍【二手95新】苹果11 Apple iPhone 11 游戏手机 国行 二手苹果手机 黑色 64G
76,1699.00,京品严选二手手机专营店,拍拍【二手95成新】苹果8Plus手机 Apple iPhone 8Plus 苹果8P 二手手机 金色 64G 全网通
100+,9999.00,牧申手机旗舰店,手机Apple苹果 iPhone 13（A2634）  支持移动联通电信5G 双卡双待手机 星光色 256GB（苹果充头套餐）
500+,2199.00,华语二手手机专营店,拍拍【二手99新】Apple iPhone X 苹果x 二手苹果手机 全面屏 面容识别 深空灰 256G 全网通（赠20W PD快充）
100+,3699.00,乐亨优品二手商品专营店,拍拍【二手99新】Apple_苹果 iPhone XS Max 国行 双卡双待 全网通 二手手机 深空灰 512G
100+,1499.00,沪信优品二手商品专营店,拍拍【二手95新】苹果8手机 Apple iPhone8 苹果二手手机 4.7英寸 金色 64G 全网通
200+,2098.00,荣盛优品二手手机专营店,拍拍【二手95成新】苹果8plus Apple iPhone8plus 二手苹果手机 全网通 金色 256G 全网通【电池100%】
100+,1299.00,博远二手商品专营店,拍拍【二手95新】苹果7Plus手机 Apple iPhone7Plus 苹果7P 二手手机 磨砂黑 128G 全网通
100+,1299.00,新诚优品二手手机旗舰店,拍拍【二手95成新】 苹果8 Apple iPhone8二手手机全网通 深空灰 64G 全网 全网通
17,2469.00,乐亨优品二手商品专营店,拍拍白条3期免息【二手9成新】 Apple iPhone Xs Max 苹果xsmax 二手手机 双卡 金色 64G全网通
70,728.00,果粉二手手机专营店,拍拍【二手9成新】AppleiPhone7(A1660)苹果7游戏二手手机 黑色 32G通『赠苹果充电器』
200+,2999.00,沪信优品二手商品专营店,拍拍【二手9成新】苹果xsmax 二手苹果手机 Apple iPhone XS Max 二手手机 金色 64G【送蓝牙耳机】
43,738.00,好时机二手手机专营店,拍拍【二手95新】Apple iPhone6 苹果6 二手苹果手机 4G全网通 苹果手机 银色 128G全网通 【电池100%】
59,3799.00,豪机汇二手手机专营店,拍拍【二手99新】Apple iPhone12mini 苹果12mini 5G手机 全网通 二手苹果手机 紫色【赠：品牌5件套】 256G 全网通
500+,2999.00,盘酷优品二手手机专营店,拍拍【二手95成新】苹果xsmax Apple iPhone XS MAX 双卡双待 国行 手机 深空灰 256G
82,2828.00,优锋派二手商品专营店,拍拍【二手95新】Apple iPhone XS MAX 苹果xsmax二手 双卡双待 二手苹果手机 金色 256G全网通
100+,3499.00,长嘉二手手机专营店,拍拍【二手99新】Apple iPhone12 mini 苹果12mini 5G手机全网通 二手苹果手机 99新绿色 128G
31,3549.00,豪机汇二手手机专营店,拍拍【二手95新】Apple/苹果 iPhone 11二手手机 国行 全网通 双卡双待移动联通电信4G通 黄色【赠：品牌5件套】 256G 全网通
100+,2099.00,卓越优品二手手机专营店,拍拍【二手9新】Apple iPhone XR 苹果 xr 二手手机 国行 全网通 双卡 双待 黑色 128G
16,1399.00,优质二手手机专营店,拍拍【二手9成新】苹果8手机 Apple iPhone8 二手手机国行 灰色 256G
19,2349.00,原品汇二手商品专营店,拍拍【二手95成新】Apple 苹果xr iPhone xr 苹果二手手机 支持双卡国行 黑色 128G双卡全网通
2000+,4899.00,爱相随二手手机专营店,拍拍【二手95新】Apple iPhone 11 Pro Max 苹果11promax手机 二手手机 暗夜绿色 256G 全网通（99新）
42,1099.00,机淘淘二手商品专营店,拍拍【二手95新】Apple iPhone 8 国行苹果8二手机 移动联通电信全网通 二手手机 深空灰色 64G 全网通
100+,1679.00,机淘淘二手商品专营店,拍拍【二手95新】Apple iPhone 8 Plus 国行苹果8P二手机 4G全网通 二手手机 银色 64G全网通【电池100%】
34,4899.00,乐亨优品二手商品专营店,拍拍【二手99新】苹果 iPhone 11 pro max二手手机国行全网通4G 黑色 4G+256G
90,2199.00,乐亨优品二手商品专营店,拍拍【二手99新】Apple_苹果 iPhone 8 Plus 苹果8p 二手手机  国行 金色 128G（全网通）
100+,3066.00,好时机二手手机专营店,拍拍【二手99新】Apple iPhone XS Max 苹果xsmax 二手苹果手机 二手手机 银色 256G 全网通
1,3999.00,讯天安专营店,苹果（Apple） iPhone XR 手机全网通4G手机 ios苹果全面屏 黑色 128GB
9,1038.00,顺顺智二手商品专营店,拍拍【二手9成新】苹果8 二手苹果手机 Apple iPhone8 国行通 二手手机 深空灰色 64G通
8,1088.00,长嘉二手手机专营店,拍拍【二手9成新】Apple iPhone8 苹果8 二手苹果手机 4G全网通 国行 备用机 二手手机 深空灰 64G全网通
500+,1098.00,帝企鹅优品二手手机专营店,拍拍【二手9成新】苹果8 Apple iPhone8  二手苹果手机八代 深空灰 9成新 64G
11,2068.00,易选优品二手手机专营店,拍拍【二手95成新】Apple iPhone X 苹果x 全面屏十周年纪念版 面容 二手手机 深空灰色 256G
96,2599.00,龙飞优品二手手机专营店,拍拍【二手9成新】苹果x xr Apple iPhonex XR 二手苹果手机 双卡双待 黑色+赠蓝牙耳机 128G 6期免息白条分期0首付
200+,6999.00,爱相随二手手机专营店,拍拍【准新机】Apple iPhone12 Pro Max 苹果12 ProMax国行原装 二手苹果手机 银色 128G 全网通【评价有礼】
21,2469.00,越信二手手机专营店,拍拍【二手9成新】Apple iPhonex Xsmax苹果xsmax 二手苹果手机 金色 64G 全网通【送充电套装】
1000+,2999.00,好时机二手手机专营店,拍拍【二手9成新】Apple iPhone XS Max 二手苹果xsmax 二手手机 银色 256G 全网通
4,2389.00,豪机汇二手手机专营店,拍拍【二手95新】苹果x xr Apple iPhonex XR 二手苹果手机 双卡双待 红色【赠:品牌5件套】 128G 全网通
5,1588.00,在一起二手手机专营店,拍拍【二手9成新】Apple iPhone X（A1865）二手苹果X 二手手机 移动联通电信4G手机 深空灰色 64G 全网通(评价送好礼)
3,757.00,和合优品二手商品专营店,拍拍【二手9成新】Apple iPhone SE 苹果se 二手苹果手机 苹果SE 灰色 64G全网通
66,1199.00,豪机汇二手手机专营店,拍拍拍拍【二手95成新】Apple  iPhone8 苹果8代 银色64G/256G全网通 国行 黑色 64G全网通
80,1159.00,发靓机优品二手手机专营店,拍拍【二手99新】Apple/苹果 iPhone 7plus二手手机行  国行全网通  送365天碎屏险 银色 32G
22,3099.00,在一起二手手机专营店,拍拍【二手95新】Apple iPhone 12mini 苹果12mini 5G全网通 二手苹果手机 蓝色 64G 全网通(评价送好礼)
10,2908.00,至尚二手商品专营店,拍拍【二手95新】苹果xsmax 二手苹果手机 Apple iPhone XS Max 二手手机 金色 256G全网通
100+,699.00,乐亨优品二手商品专营店,拍拍白条3期免息【二手9成新】Apple iPhone6s 苹果6s 6S 二手手机 全网通手机 玫瑰金色 64G全网通 +180天店铺保修
3,3088.00,京严二手手机专营店,拍拍【二手99新】苹果xsmax Apple iPhone XS Max x 双卡双待 手机 银色 256G全网通
200+,2398.00,荣盛优品二手手机专营店,拍拍【二手99成新】苹果xr Apple iphonexr 二手苹果手机  二手手机 全网通 黑色 128G【送20W快充套装】全网通
2000+,4259.00,靓机优品二手手机专营店,拍拍【二手95新】Apple iPhone 12 苹果12 二手手机 国行公开版5G  双卡双待 黑色 64G 全网通
100+,4799.00,果粉二手手机专营店,拍拍【二手99新】Apple iPhone11 Pro Max (A2220)苹果11Pro Max二手 深空灰色 256G全网通『赠20W PD闪充』
11,1928.00,卓越优品二手手机专营店,拍拍【二手95新】Apple iPhone X 二手手机 苹果 X 国行 全网通 银色 256G
97,4899.00,抖机优品二手手机专营店,拍拍【二手99新】Apple iPhone 12(A2404)苹果12国行5G双卡双待二手手机 蓝色 256G 全网通『赠20W PD快充』
48,1698.00,熊猫严选二手商品专营店,拍拍【二手95新】苹果X二手手机Apple iPhone X国行面容识别 全网通4G 白色 64G
45,1949.00,熊猫严选二手商品专营店,拍拍【二手95新】Apple iPhone 8 Plus 苹果8plus 国行 二手手机 银色 256G
24,3259.00,爱相随二手手机专营店,拍拍【二手95新】Apple iPhone 11 Pro 苹果11pro手机 二手手机 深空灰色 64G 全网通
500+,4959.00,零一店二手商品专营店,拍拍【二手99成新】Apple iPhone 12 mini白色 手机5G 支持移动联通电信 黑色 256G 全网通
81,4149.00,机淘淘二手商品专营店,拍拍【二手99新】Apple苹果 iPhone 12 二手手机 A14仿生芯片6.1寸移动联通电信5G 黑色 128GB
72,1279.00,青年优品二手商品专营店,拍拍【二手9成新】苹果7Plus手机 Apple iPhone7Plus 苹果7P 二手手机国行 磨砂黑【评价有礼】 128G 全网通
200+,9600.00,华语二手手机专营店,拍拍【二手99新】苹果12 Apple iPhone 12 (A2404) 二手手机 5G全网通双卡双待 黑色 128GB
500+,2299.00,爱相随二手手机专营店,拍拍【准新机】 Apple iPhone 8 苹果8 国行原装二手手机 银色 256G 全网通
67,6149.00,爱相随二手手机专营店,拍拍【准新机】Apple iPhone13 苹果13二手苹果手机国行原装 官方在保 双卡双待 粉色 256G 全网通
2,6898.00,双果数码二手手机专营店,拍拍【准新机】Apple iPhone12ProMax 苹果12 ProMax国行二手5G手机 金色 128G全网通
37,1908.00,京严二手手机专营店,拍拍【二手9成新】苹果XR 手机 Apple iPhone xr 国行通  双卡双待 二手手机 红色 64G全网通
100+,2699.00,原品汇二手商品专营店,拍拍【二手9新】Apple 苹果11 iphone 11二手手机 大陆国行 二手手机 二手苹果全网通 黑色 64G【双卡全网通】
11,4399.00,机淘淘二手商品专营店,拍拍【二手99新】Apple iPhone 11 Pro Max 双卡双待 苹果11PM 二手手机 银色 256G 全网通
2,4399.00,爱相随二手手机专营店,拍拍【二手9成新】Apple iPhone 12 苹果12 二手苹果手机 手机apple 5G双卡双待 黑色 256G 全网通
100+,1499.00,乐亨优品二手商品专营店,拍拍白条三期免息【二手95新】Apple iPhone8 苹果8 二手手机 国行全网通 4.7英寸 深空灰色 64G全网通+赠(无线充电器)
1000+,5059.00,靓机优品二手手机专营店,拍拍【二手99新】Apple iPhone 11 Pro 苹果11Pro国行 二手手机移动联通电信4G 金色 64G 全网通
18,4599.00,首昕二手手机专营店,拍拍【二手99新】苹果Apple iPhone 13 mini 5G全网通全面屏手机 二手5G手机 午夜色 128GB
88,3699.00,果粉二手手机专营店,拍拍【二手99新】Apple iPhone 11 (A2223) 苹果11双卡双待 二手手机 白色 256G全网通『赠充电套装』
76,2639.00,在一起二手手机专营店,拍拍【准新机100%电池】Apple 苹果SE2 iPhone se2代 全网通国行原装二手手机 红色 256G 全网通(电池健康100%)
56,4199.00,京粉二手手机旗舰店,拍拍【准新机】Apple iPhone 12 mini (A2400)苹果12 mini国行二手手机 蓝色【严选电池100】 256G全网通『赠20W PD闪充』
500+,2899.00,沪上优品二手商品专营店,拍拍【二手99新】 Apple iPhone11  二手苹果手机 白色 64G 国行
43,1559.00,博之襄二手手机专营店,拍拍【二手9成新】Apple iPhone 8Plus手机 苹果8Plus二手手机 苹果8P 全网通 金色 64G 全网通
26,2099.00,好时机二手手机专营店,拍拍【二手95新】Apple iPhone XS  苹果xs 二手苹果手机 二手手机 深灰色 64G 全网通
2000+,3449.00,新诚优品二手手机旗舰店,拍拍【二手9成新】Apple iPhone XS Max苹果xsmax 国行 二手手机 金色 64G 全网通
2000+,1269.00,盘酷优品二手手机专营店,拍拍【二手9成新】Apple iPhone7Plus 苹果7P 二手手机 国行原装 磨砂黑 128G 全网通
500+,1788.00,拾锦二手商品专营店,拍拍【二手9成新】Apple iPhone X 苹果x二手手机 5.8英寸 深空灰 64G 全网通 白色 64G全网通
46,3099.00,原品汇二手商品专营店,拍拍【二手95新】Apple 苹果11 iphone 11二手手机 大陆国行 二手手机 二手苹果 红色 128G【双卡全网通】
7,1299.00,靓机优品二手手机专营店,拍拍【二手95成新】 Apple iPhone8 二手苹果8 二手手机 移动联通电信4G手机 银色 64G 全网通
21,1149.00,原品汇二手商品专营店,拍拍【二手9成新】Apple iPhone8苹果8二手手机学生二手手机游戏备用非5G品牌电池质保一年 白色【银色】 64G全网通
31,1948.00,臻选优品二手商品专营店,拍拍【二手9成新】苹果XR  Apple iPhone XR 二手手机 二手苹果手机 珊瑚色 64G
10,635.00,谷风羽二手手机专营店,拍拍【二手8成新】苹果6 s Apple iPhone6 s 二手手机 苹果手机非plus 国行全网通 金色 苹果6s 64G【电池100%】 64G 全网通
27,1049.00,机淘淘二手商品专营店,拍拍【二手9成新】Apple iPhone 7 Plus 国行 苹果7P 移动联通电信全网通 二手手机 玫瑰金 32G 全网通
200+,3688.00,华语二手手机专营店,拍拍【二手9成新】苹果12 Apple iPhone 12 (A2404) 二手手机 5G全网通双卡双待 蓝色 64GB
56,2488.00,好时机二手手机专营店,拍拍【二手95新】Apple iPhone XS Max 苹果xsmax 二手手机 双卡苹果手机 银色 64G 全网通
67,1258.00,熊猫严选二手商品专营店,拍拍【二手95新】Apple iPhone 7 Plus 苹果7plus 国行 二手手机 玫瑰金色 128G
35,3329.00,爱相随二手手机专营店,拍拍【二手95新】Apple iPhone12mini 苹果12mini 5G手机 国行原装 二手手机 黑色 128G 全网通（评价送好礼）
100+,4799.00,京粉二手手机旗舰店,拍拍【准新机】Apple iPhone 12(A2404)苹果12国行公开版5G双卡双待二手手机 蓝色『严选电池100』 128G全网通【赠20W PD快充】
2,2459.00,靓机优品二手手机专营店,拍拍【二手95新】Apple iPhone XS 二手苹果xs 二手手机 移动联通电信4G手机 金色 64G 全网通
2,2299.00,乐亨优品二手商品专营店,拍拍【二手9成新】Apple iPhone XS 苹果xs二手手机 5.8英寸 国行 全网通 二手手机 金色 64G全网通
9,4199.00,乐亨优品二手商品专营店,拍拍【二手95新】Apple iPhone11 Pro 国行 二手手机 苹果手机 苹果11 Pro 暗绿色 4G+256G
50,6399.00,传奇二手商品专营店,拍拍【二手99新】Apple 苹果 iPhone12 Pro 5G全网通 双卡双待 二手苹果手机 石墨色 全网通 512GB
4,1018.00,长嘉二手手机专营店,拍拍【二手9成新】Apple iPhone7Plus 苹果7Plus 苹果7P国行 4G 二手苹果手机 玫瑰金 32G
100+,2149.00,靓机优品二手手机专营店,拍拍【二手95新】Apple iPhone X 二手苹果X 二手手机 移动联通电信4G手机 深空灰 64G 全网通
6,3198.00,忠诚优品二手手机专营店,拍拍【二手95新】苹果xsmax 二手苹果手机 Apple iPhonexsmax 苹果二手手机 银色 256GB 全网通
500+,5919.00,越信二手手机专营店,拍拍【二手95新】Apple 苹果11pro iPhone 11pro 手机 全网通 苹果手机 二手手机 暗夜绿 64G 全网通【送充电套装】
4,2000.00,在一起二手手机专营店,拍拍【二手95新】Apple iPhone XR X（A2108）苹果xr x二手手机双卡双待 国行原装 黑色 64G 全网通
3,1259.00,晨辉銮二手手机专营店,拍拍【二手9成新】Apple iPhone7 plus 二手苹果7P 二手手机 移动联通电信4G手机 银色 32全网通
49,3249.00,京融二手商品专营店,拍拍【二手99成新】Apple iphone 11 苹果11 二手手机 苹果手机 大陆国行 全网通 绿色 128G全网通
2000+,1699.00,豪机汇二手手机专营店,拍拍拍拍【二手9成新】Apple iPhone8plus 苹果8P 二手手机 国行 全网通 深空灰 64G 全网通
2,1928.00,番茄二手手机专营店,拍拍【二手95新】苹果X二手手机 全网通人脸识别 二手苹果手机 Apple iphone X 全面屏 深空灰 64G全网通＋赠送充电器套装
200+,3488.00,万事达二手手机专营店,拍拍【二手95新】iPhone12mini苹果12mini小尺寸5.4英寸国行5G移动联通电信二手手机 黑色 128GB
200+,1749.00,越信二手手机专营店,拍拍【二手95新】苹果8p 手机苹果8plus苹果手机 iPhone 8Plus 二手苹果手机 金色 64G 全网通【送充电套装】
28,5019.00,爱相随二手手机专营店,拍拍【准新机】Apple iPhone13mini 苹果13mini 二手苹果手机国行原装 官方在保 红色 256G 全网通
79,1899.00,乐亨优品二手商品专营店,拍拍【二手9成新】苹果X二手手机国行原装全面屏面容识别iPhone X全网通4G 银色 64G全网通
41,2766.00,好时机二手手机专营店,拍拍【二手95新】Apple iPhone 11 苹果11 二手苹果手机 苹果双卡手机 白色 64G 全网通
76,6499.00,愉快二手手机专营店,拍拍【二手99新】Apple iPhone 苹果 12 Pro Max (A2412) 全网通5G 银色 128GB
200+,2888.00,华语二手手机专营店,拍拍【二手95新】Apple iPhone Xs Max 苹果xsmax x手机 双卡双待 金色『赠20W PD快充』 64G 全网通
10,1999.00,传奇二手商品专营店,拍拍【准新机】Apple iPhone SE2 苹果SE2 se2代 原装大陆国行 二手苹果手机 全网通 黑色(准新机 电池100%) 64GB
64,839.00,发靓机优品二手手机专营店,拍拍【二手9成新】Apple iPhone7 苹果7 国行全网通 4.7英寸 送碎屏险二手苹果手机 金色+白条3期免息 32G全网通+180天店铺保修
5,4999.00,发靓机优品二手手机专营店,拍拍【二手99新】Apple iPhone13mini 手机  国行全网通  全国联保 粉色 128GB
14,1439.00,发靓机优品二手手机专营店,拍拍【二手95新】Apple iPhone 8  苹果8代 全网通 国行 手机  送一年屏碎险 金色 64G全网通+赠(无线充电器)
0,4999.00,靓机优品二手手机专营店,拍拍【二手95新】Apple  iPhone 11Pro 二手手机 移动联通电信4G手机 双卡双待 深空灰色 64G 全网通
69,1699.00,新起点优品二手手机专营店,拍拍【二手9成新】Apple iPhone X 苹果X 二手苹果手机 移动联通电信4G手机 二手手机 银色 64GB【赠送运动蓝牙耳机】
64,1249.00,京严二手手机专营店,拍拍【二手95新】Apple 苹果8 iPhone8 苹果手机 二手苹果8 二手苹果手机 深空灰 64G全网通
24,1758.00,京严二手手机专营店,拍拍【二手95新】Apple iPhone X 苹果x 二手苹果手机5.8英寸 深空灰 64G全网通
38,1999.00,机淘淘二手商品专营店,拍拍【二手95新】Apple iPhone XS  国行 苹果Xs 移动联通电信全网通 二手手机 银色 64GB
1,3989.00,拾锦二手商品专营店,拍拍【准新机】Apple iPhone 11 苹果11手机 国行 官换资源机二手手机 紫色 256G全网通(已激活)
17,5549.00,在一起二手手机专营店,拍拍【二手99新】苹果13 Apple iPhone 13 (A2634) 二手5G手机 国行双卡双待 粉色 128G 全网通
100+,1249.00,原品汇二手商品专营店,拍拍【二手9成新】苹果7Plus手机 Apple iPhone7Plus 二手手机全网4G 黑色 128G全网通
21,2599.00,青橙严选二手手机专营店,拍拍【二手95成新】苹果11二手手机 iphone11二手苹果手机 6.1英寸双卡双待国行 黄色 64G全网通
0,4099.00,不凡二手商品专营店,拍拍【二手99新】Apple iPhone 12 苹果12 5G双卡双待 国行原装二手手机 黑色 64G
4,5099.00,京融二手商品专营店,拍拍【二手99新】Apple iPhone11 Pro Max (A2220)苹果11Pro Max二手 暗夜绿色 256G全网通
41,3099.00,龙飞优品二手手机专营店,拍拍【二手99新】苹果11二手 Apple iPhone11手机 黑色 128G
43,4499.00,抖机优品二手手机专营店,拍拍【二手95成新】Apple iPhone11 Pro Max (A2220)苹果11ProMax二手 深空灰 256G 全网通『赠18W PD闪充』
7,1086.00,谷风羽二手手机专营店,拍拍【二手8成新】苹果8手机 Apple iPhone8 二手手机 苹果手机 国行 全网通 国行 深空灰 苹果8 【电池100%】 64G 全网通
7,3298.00,长嘉二手手机专营店,拍拍【二手95新】Apple iPhone11 pro  (A2217) 苹果11pro 二手苹果手机 金色 64G全网通
8,2499.00,晨冠二手手机专营店,拍拍【二手99新】苹果xsmax 二手苹果手机 Apple iPhonexsmax 二手手机 金色 64G 全网通
93,2149.00,愉快二手手机专营店,拍拍【二手9成新】苹果xr 二手苹果手机 Apple iphone xr 二手手机 白色 128G全网通4G
200+,888.00,乐亨优品二手商品专营店,拍拍白条3期免息【二手9成新】国行Apple iPhone 6s Plus 苹果6sp 二手手机 玫瑰金色 16G全网通+365天碎屏险
3,1078.00,盘酷优品二手手机专营店,拍拍【二手9成新】Apple iPhone8 二手苹果8代手机 国行全网通 深空灰色 64G
6,6249.00,爱相随二手手机专营店,拍拍【二手9成新】Apple iPhone12 Pro Max 苹果12promax手机 国行原装 石墨色 256G 全网通【评价有礼】
26,2959.00,发靓机优品二手手机专营店,拍拍【二手99新】Apple iPhone 11 (A2223)  双卡双待 国行二手手机 黑色 4G+64G
12,5799.00,万事达二手手机专营店,拍拍【二手99新】Apple iPhone13 苹果13 国行5G全网通 双卡双待 在保 二手手机 红色 128GB 全网通
49,5999.00,在一起二手手机专营店,拍拍【二手95新】Apple iPhone12 ProMax 苹果12ProMax 5G双卡双待二手苹果 海蓝色 128G 全网通(评价送好礼)
0,1568.00,盘酷优品二手手机专营店,拍拍【二手99新】Apple iPhone SE2 苹果SE2国行三网通A13芯片性能备用二手手机 红色 64GB
6,1059.00,机淘淘二手商品专营店,拍拍【二手9成新】Apple iPhone 7 Plus 苹果7P 苹果二手手机 国行全网通 二手手机 磨砂黑 32GB
200+,1188.00,百世二手手机专营店,拍拍【二手9成新】Apple iPhone 7 Plus 苹果7plus 二手苹果手机 5.5英寸 玫瑰金 128G 全网通+赠送充电套装
6,6299.00,在一起二手手机专营店,拍拍【二手9成新】Apple iPhone12ProMax 二手苹果12promax 国行原装二手机 石墨色 256G 全网通
0,1588.00,长嘉二手手机专营店,拍拍【二手9成新】Apple iPhone8 Plus 苹果8Plus手机苹果8P 二手苹果手机 红色 64G
4,3988.00,华语二手手机专营店,拍拍【准新机电池100%】Apple iPhone 11 Pro 苹果11pro国行二手苹果手机 全网通 深空灰色 64G(电池效率100%)
47,4588.00,长嘉二手手机专营店,拍拍【二手99成新】Apple iPhone 13 mini(A2629) 苹果13移动联通电信5G手机 午夜色 128G全网通
0,2599.00,在一起二手手机专营店,拍拍【二手99新】苹果xsmax Apple iPhone Xs Max（A2104）二手苹果手机 深空灰色 64G 全网通
100+,2299.00,典匠二手手机专营店,拍拍【已验机】Apple iPhone XS MAX 苹果XS MAX 二手苹果手机 大陆国行 灰色 256GB（更换第三方屏幕）
91,4548.00,好时机二手手机专营店,拍拍【二手95新】Apple iPhone 11 Pro Max 苹果11promax 二手手机 深空灰色 256G 全网通
100+,4029.00,新诚优品二手手机旗舰店,拍拍【二手9成新】Apple iPhone  XS Max苹果xsmax  国行 二手手机 银色 256G 全网 全网通
0,2499.00,人人优选二手手机专营店,拍拍【二手99新】Apple iPhone XR 苹果xr 国行全网通 二手苹果手机 白色 64G 全网通
5,6599.00,首昕二手手机专营店,拍拍【二手99新机】苹果13 Apple iPhone 13 (A2634) 二手5G手机 国行双卡双待  快充+耳机套装 256G 6期白条免息
1,1199.00,沪信优品二手商品专营店,拍拍【二手95新】Apple iPhone7苹果7二手手机国行通 4.7英寸二手苹果手机非5G手机 亮黑色 128G 全网通
17,5149.00,乐亨优品二手商品专营店,拍拍【二手99新】苹果iPhone 12 苹果12国行 双卡全网通5G 6.1英寸 二手手机 黑色 256G 全网通
65,3799.00,凯旋通二手手机专营店,拍拍【二手99新】Apple 苹果 iPhone 12 MINI 二手苹果手机 国行原装 黑色   256GB
100+,1299.00,原品汇二手商品专营店,拍拍【二手95成新】Apple iPhone8苹果8二手手机学生二手手机游戏备用非5G品牌电池质保一年 金色 64G全网通【全新品牌电池100%】
1,1969.00,沪信优品二手商品专营店,拍拍【二手9成新】Apple iPhone X 二手苹果X 二手手机 移动联通电信非5G手机 银色 64G【送蓝牙耳机】
49,4388.00,京品严选二手手机专营店,拍拍【二手99新】Apple iPhone12 苹果12国行二手手机 5G双卡双待 白色 128G 全网通
98,2499.00,龙飞优品二手手机专营店,拍拍【二手99新】苹果x xr Apple iPhone XR  二手苹果手机 白色 128G
8,3999.00,发靓机优品二手手机专营店,拍拍【二手95成新】苹果 iPhone 11Pro Max 二手手机 国行全网通二手双卡双待 下单立减 暗夜绿 4G+64G 全网通
78,2149.00,乐亨优品二手商品专营店,拍拍【二手95新】苹果X二手手机国行原装全面屏面容识别iPhone X全网通4G 深空灰 64G
1,1969.00,盘酷优品二手手机专营店,拍拍【二手95新】苹果xs Apple iPhonex XS 苹果手机 二手手机 国行全网通 深空灰 64G
24,3766.00,好时机二手手机专营店,拍拍【99新】Apple iPhone 12 mini 苹果12mini 二手手机 5G全网通 绿色 256G 全网通
100+,1838.00,京品严选二手手机专营店,拍拍【二手95成新】苹果x Apple iPhone X 二手苹果手机 国行全网通 银白色 64G 全网通
59,2449.00,京品严选二手手机专营店,拍拍【二手9成新】 iPhone XS MAX 苹果xsmax二手 双卡双待 二手手机 金色 64G 全网通
5,4409.00,发靓机优品二手手机专营店,拍拍【二手95新】Apple iPhone 11Pro A13处理器  国行二手  双卡双待 领券立减 黑色 4G+256G
74,1229.00,博之襄二手手机专营店,拍拍【二手9成新】苹果7Plus手机 Apple iPhone7Plus 苹果7P 二手手机 玫瑰金 128G全网通
5,4499.00,华语二手手机专营店,拍拍【准新机电池100%】Apple iPhone 11 Pro Max 二手苹果11ProMax全网通 深空灰色 64GB(准新机)
22,1739.00,发靓机优品二手手机专营店,拍拍【二手95新】Apple iPhone 8 Plus 苹果8plus 5.5英寸 国行 二手手机苹果 金色 64G 全网通+店铺保修
61,5649.00,愉快二手手机专营店,拍拍【二手95新】Apple iPhone 苹果12 Pro (A2408)移动联通电信5G 双卡 金色 128GB
17,4799.00,果粉二手手机专营店,拍拍【准新机】Apple iPhone 12(A2404)苹果12国行公开版5G双卡双待二手5G手机 蓝色『严选『官方在保』 128G全网通『赠20W PD闪充』
84,2499.00,愉快二手手机专营店,拍拍【二手95新】苹果Apple iPhone XS手机 银色 256G/国行4G全网通
94,5588.00,传奇二手商品专营店,拍拍【准新机】苹果13 Apple iPhone 13 (A2634) 5G二手苹果手机 国行双卡双待 蓝色 128GB【官方在保】
6,3799.00,双果数码二手手机专营店,拍拍【二手95新】Apple iPhonexsmax 苹果xsmax国行双卡二手手机 金色 256G全网通
87,1528.00,愉快二手手机专营店,拍拍【二手9成新】Apple iPhone8 苹果8 苹果手机 二手手机 金色 64G通
29,2388.00,机淘淘二手商品专营店,拍拍【二手99新】Apple iPhone XS  国行 苹果Xs 4G全网通 苹果二手手机 金色 256GB
70,3649.00,靓机优品二手手机专营店,拍拍【二手99新】Apple iPhone 11 苹果11二手手机 二手手机 全网通4G手机 双卡双待 黑色 64G 全网通
84,2669.00,典匠二手手机专营店,拍拍【已验机】Apple iPhone X 苹果X 二手苹果手机 大陆国行 灰色 256GB 全网通
4,7688.00,华语二手手机专营店,拍拍【准新官换机】Apple iPhone 12 Pro Max 二手苹果12promax手机 石墨色 256GB 官方在保≥300天
79,1799.00,臻选优品二手商品专营店,拍拍【二手9成新】Apple 苹果SE2 iPhone se2 国行原装 二手手机 苹果 apple 红色 64G
5,3899.00,乐亨优品二手商品专营店,拍拍【二手95新】苹果iPhone 12 mini 官方原装 5G 国行 超瓷晶面板 二手手机 黑色 128G全网通
44,2128.00,京严二手手机专营店,拍拍【二手95新】苹果8Plus手机 Apple iPhone 8Plus 苹果8P 二手手机 深空灰 256G全网通
1,7298.00,萌豹数码专营店,Apple iPhone苹果12Pro 5G手机 6.1英寸全面屏 海蓝色 128G全网通
5,4099.00,和初二手商品专营店,拍拍【二手99新】Apple iPhone 12迷你 苹果12 mini 5G 二手苹果手机 国行全网通 紫色 256G通 【赠：5件套】
15,5698.00,新起点优品二手手机专营店,拍拍【二手99新】苹果13 Apple iPhone 13 (A2634) 5G手机 双卡双待 二手手机 粉色 128GB
52,2858.00,优锋派二手商品专营店,拍拍【二手9成新】Apple iPhone XS苹果x xs国行公开版 二手苹果手机10代 苹果XS 金色 256G全网通
47,3199.00,京品严选二手手机专营店,拍拍【二手99新】Apple iPhonexs 苹果XS国行二手手机 全网通 银色 256G 全网通
11,2588.00,青年优品二手商品专营店,拍拍【二手9成新】Apple iPhoneXS 苹果xs 国行 二手手机 5.8英寸 深空灰【评价有礼】 256G 全网通
33,2189.00,百世二手手机专营店,拍拍【二手95新】苹果xr Apple iPhone XR x 双卡双待 苹果二手手机 中国红 128G全网通
89,1699.00,乐亨优品二手商品专营店,拍拍【二手9成新】苹果8Plus手机 Apple iPhone 8Plus 苹果8P 二手手机 5.5寸 深空灰色 64G全网通+180天店铺保修
5,3459.00,拍拍严选尖货旗舰店,拍拍Apple iPhone 11 Pro 苹果11pro手机  二手手机 95新绿色 64G
60,1388.00,京品严选二手手机专营店,拍拍【二手95新】苹果7 Plus Apple iPhone 7plus 全网通二手手机 亮黑色 128G 全网通
2,4599.00,凯旋通二手手机专营店,拍拍【二手99新】苹果Apple iPhone 13 mini  5G通全面屏手机 二手5G手机 午夜色 128G通
17,3099.00,小意思二手商品专营店,拍拍【二手95新】Apple iPhoneXs max 苹果x Xsmax 双卡双待二手苹果手机 深空灰 256G全网通
3,8819.00,发靓机优品二手手机专营店,拍拍【二手99新】Apple 苹果 iPhone 13Pro 国行全网通5G手机 全国联保 银色 256G
9,2349.00,京融二手商品专营店,拍拍【二手95新】苹果XR 手机 Apple iPhone xr  国行通 二手手机 双卡双待 珊瑚色 128G全网通
11,4049.00,在一起二手手机专营店,拍拍【二手99新】Apple 苹果11 Pro 苹果11pro二手 iPhone11pro 二手苹果手机 银色 256G 全网通
6,6299.00,靓机优品二手手机专营店,拍拍【二手99新】Apple iPhone 11Pro Max 二手手机 移动联通电信4G手机 双卡双待 深空灰色 256G 全网通
25,2859.00,机淘淘二手商品专营店,拍拍【二手99新】Apple iPhone XS Max 苹果Xs Max二手机 4G全网通 二手手机 金色 256GB
60,5399.00,越信二手手机专营店,拍拍【二手95新】 Apple iPhone 11 Pro Max 苹果11promax手机 二手手机 暗夜绿 64G 全网通 【原装充电器】
1,7688.00,传奇二手商品专营店,拍拍【准新机官方在保】Apple iPhone 12 Pro Max 二手苹果12promax 国行手机 海蓝色 256GB 官换机 官方在保≥300天
2,2399.00,京融二手商品专营店,拍拍【二手99新】苹果x 二手苹果手机 Apple iPhone X 二手手机 银色 256G全网通
50,3599.00,抖机优品二手手机专营店,拍拍【二手99成新】Apple iPhone11 Pro (A2217) 苹果11Pro 二手手机 金色 64G 全网通『赠18W PD闪充』
17,1799.00,机淘淘二手商品专营店,拍拍【二手95新】Apple iPhone X  国行苹果X二手机 4G全网通 智能二手手机 银色 64G全网通【电池100%】
28,2489.00,乐亨优品二手商品专营店,拍拍【二手95新】苹果xr Apple iPhone XR 双卡双待 国行全网通 二手手机 蓝色 128G全网通
53,6699.00,京融二手商品专营店,拍拍【二手99新】Apple iPhone12 Pro Max 苹果12ProMax 国行二手苹果手机 石墨色 128G全网通
1,6099.00,华语二手手机专营店,拍拍【二手95新】Apple iPhone 12 Pro Max 二手苹果12ProMax 国行原装手机 海蓝色 128GB 全网通5G
58,1959.00,发靓机优品二手手机专营店,拍拍【二手95新】（白条3期免息）iPhone X 苹果X二手手机 面容解锁  国行全网通 电池100 银色 64G全网通+赠(无线充电器)
33,1629.00,好时机二手手机专营店,拍拍【二手95新】Apple iPhone 8 苹果8 二手手机 二手苹果手机 深空灰 256G 全网通【电池100%】
18,4809.00,发靓机优品二手手机专营店,拍拍【二手9成新】Apple iPhone 苹果 11Promax 二手手机 6.5 英寸 国行双卡双待 银色 4G+256G
49,7799.00,传奇二手商品专营店,拍拍【准新机】Apple iPhone13 Pro 苹果13Pro（A2639）二手苹果手机 5G全网通 银色 128GB【官方在保】
10,2499.00,悦蜂二手手机专营店,拍拍【二手9成新】苹果xsmax Apple iPhone XS Max x手机 金色 64G 全网通
4,2499.00,传奇二手商品专营店,拍拍【二手9成新】Apple苹果iPhone XS二手手机4G手机 深空灰色 全网通256G
3,4149.00,在一起二手手机专营店,拍拍苹果12 Apple iPhone 12 二手苹果手机 5G全网通 原装国行 双卡双待 白色 8成新 256G
47,1649.00,机淘淘二手商品专营店,拍拍【二手9成新】Apple iPhone 8 Plus  苹果8P 全网通 二手手机 深空灰色 64GB
53,6599.00,博远二手商品专营店,拍拍【二手99新】苹果12Pro Apple iPhone12 Pro 游戏5G手机  准 资源机 海蓝色【其他颜色联系客服】 256G全网通【电池效率100分】
46,4588.00,爱相随二手手机专营店,拍拍【二手99新】Apple iPhone 11 Pro Max 苹果11 Pro Max手机 暗夜绿色 256G全网通（评价有礼）
36,7199.00,京融二手商品专营店,拍拍【准新机】Apple iPhone12ProMax 苹果12promax 双卡双待5G 银色 256G全网通
44,1545.00,小皮科技二手商品旗舰店,拍拍【已验机】Apple iPhone 苹果8 Plus 二手苹果手机 非国行 无锁版 插卡即用 金色 【全网通4G】 64G
1,3899.00,在一起二手手机专营店,拍拍【准新机】苹果11 Apple iPhone 11（A2223）游戏手机 二手苹果手机 双卡双待 黑色 128G 全网通
1,6449.00,万事达二手手机专营店,拍拍【二手95新】iPhone12ProMax苹果12PMProMax国行公开版5G移动联通电信二手手机 海蓝色 128GB
2,2849.00,爱相随二手手机专营店,拍拍【二手9成新】Apple iPhone Xs Max 苹果xsmax x手机 双卡双待 金色 256G 全网通
22,2499.00,华语二手手机专营店,拍拍【二手95新】Apple iPhone XS 苹果xs x二手苹果手机 银色（赠20W PD快充） 256G 全网通
3,4699.00,小意思二手商品专营店,拍拍【二手95新】 Apple iPhone 11 Pro max 苹果 二手手机 国行 6.5英寸 暗夜绿色 256G全网通
22,1938.00,在一起二手手机专营店,拍拍【二手95新】苹果xs Apple iPhone XS（A2100）二手苹果手机 国行原装 深空灰 64G 全网通
16,1699.00,果粉二手手机专营店,拍拍【二手99新】Apple iPhone8 Plus(A1864)苹果8 Plus游戏二手手机 金色 64G通『赠充电套装』
0,5099.00,在一起二手手机专营店,拍拍【二手8成新】 苹果12 Pro Apple iPhone 12 Pro 二手苹果手机 游戏手机 海蓝色 128G 全网通
14,1199.00,靓机优品二手手机专营店,拍拍【二手9成新】Apple iPhone 8 二手苹果8 二手手机 移动联通电信4G手机 金色 64G 全网通
7,3169.00,发靓机优品二手手机专营店,拍拍【二手95新】 iPhone XS 苹果XS 二手手机苹果xs 5.8英寸手机国行全网通 深空灰 4G+512G
15,4059.00,卡仕盾优品二手手机专营店,拍拍【二手99新】苹果12 mini Apple iPhone12 mini 5G游戏手机 准 资源 机 黑色【其他颜色联系客服】 128G全网通【电池效率100】
1,8999.00,万事达二手手机专营店,拍拍【二手99新】iPhone13ProMax苹果13Pro Max国行5G全网通双卡双待在保 二手手机 金色 128GB
22,2199.00,越信二手手机专营店,拍拍【二手9成新】苹果x手机 Apple iPhonex 苹果X 二手苹果手机 深空灰 256G 全网通【充电套装】
18,6999.00,京品严选二手手机专营店,拍拍【二手99新】Apple iPhone12 Pro Max(A2412)苹果12ProMax二手手机 海蓝色 256G 全网通
20,729.00,机淘淘二手商品专营店,拍拍【二手9成新】Apple iPhone7 苹果7 二手苹果手机 二手手机 国行4G全网通 银色 32GB
28,2649.00,新起点优品二手手机专营店,拍拍【二手95新】苹果x 二手苹果手机 Apple iPhone X 二手手机 银色 256GB【赠蓝牙耳机】
14,4799.00,京融二手商品专营店,拍拍【准新机】Apple iPhone 12苹果12二手手机 5G双卡双待 蓝色 128G全网通
14,2099.00,小意思二手商品专营店,拍拍【二手95新】苹果XS Apple iPhone XS   二手手机 5.8英寸 国行 银色 64G全网通
17,2738.00,和初二手商品专营店,拍拍【二手99新】苹果XR Apple iPhoneXr 国行双卡双待 黑色 128G全网通
14,2499.00,爱相随二手手机专营店,拍拍【二手95新】Apple iPhone XR X苹果xr x二手手机双卡双待 黑色 128G 全网通(评价有礼)
20,889.00,发靓机优品二手手机专营店,拍拍【二手9成新】Apple iPhone 6 Plus 苹果6plus 国行全网通 二手苹果手机 灰色 64G+全网通
12,2499.00,沪信优品二手商品专营店,"拍拍【二手95新】Apple iPhone X 苹果X 二手苹果手机 5,8英寸 银色 256G【送蓝牙耳机】"
1,1188.00,帝企鹅优品二手手机专营店,拍拍【二手95新】苹果8 Apple iPhone8 二手手机苹果八 银色 64G
3,6399.00,凯旋通二手手机专营店,拍拍【二手99新】Apple iPhone 12 ProMax 苹果二手手机 海蓝色 128G通
13,2888.00,和初二手商品专营店,拍拍【二手99成新】苹果11 Apple iPhone 11 双卡双待 二手手机 黑色 64G全网通
0,6999.00,一诺优品二手手机专营店,拍拍【二手99新】资源机 Apple iPhone12 Pro Max 国行二手苹果手机 金色 128GB
4,3049.00,京融二手商品专营店,拍拍【二手95成新】Apple iPhone Xs Max 苹果xsmax 二手手机 深空灰色 256G全网通
2,5699.00,凯旋通二手手机专营店,拍拍【二手99新】Apple iPhone13 苹果13 二手苹果手机国行原装 双卡双待 全网通 蓝色 128G全网通
30,2299.00,豪机汇二手手机专营店,拍拍拍拍【二手95成新】苹果 Apple iPhone8plus  苹果8P深空灰64G/256G全网通 金色 256G 全网通
1,3099.00,靓机优品二手手机专营店,拍拍【二手9成新】Apple iPhone XR 二手苹果XR 二手手机 移动联通电信4G手机 双卡双待 黑色 64G 全网通
0,5549.00,一诺优品二手手机专营店,拍拍【二手95新】苹果11 Pro Max Apple iPhone 11pro max全面屏游戏手机 金色 512G
0,4899.00,靓机优品二手手机专营店,拍拍【二手9成新】Apple iPhone 11 Pro苹果11Pro国行 二手手机移动联通电信4G 深空灰 64G 全网通
15,2668.00,新起点优品二手手机专营店,拍拍【二手9新】Apple iPhone XR 国行 双卡双待 全网通4g 二手手机 红色 128GB
2,3499.00,华语二手手机专营店,拍拍【二手99新】Apple iPhone 11 Pro苹果11 Pro 二手苹果手机 大陆国行全网通 深空灰 64GB
13,1719.00,发靓机优品二手手机专营店,拍拍【二手9成新】苹果 Apple iPhone 8 Plus 5.5英寸 国行全网通 二手手机苹果 红色 64G 全网通+180天店铺保修
7,2199.00,越信二手手机专营店,拍拍【二手9成新】苹果x手机 Apple iPhonex 苹果X 二手苹果手机 深空灰 256G 全网通【充电套装】
0,3599.00,龙飞优品二手手机专营店,拍拍【二手9成新】苹果12二手 Apple iPhone 12 5G手机 蓝色 64G 全网通
9,3299.00,发靓机优品二手手机专营店,拍拍【二手95新】Apple iPhone 12 mini (A2400) 国行 支持移动联通电信5G 红色 全网通5G版+ 64G
0,8688.00,凯旋通二手手机专营店,拍拍【二手99新】Apple iPhone13 ProMax苹果13ProMax二手苹果手机国行官方在保 金色 128G通
0,2099.00,华语二手手机专营店,拍拍【二手95新】Apple iPhone XR X苹果xr x二手手机双卡双待 黄色 64G 全网通
16,5439.00,新诚优品二手手机旗舰店,拍拍【二手95新】Apple iPhone  XS Max苹果xsmax  国行 二手手机 灰色 512G 全网通
2,6999.00,在一起二手手机专营店,拍拍【准新机官方在保】官换机Apple iPhone 12Pro 二手苹果12Pro 二手苹果手机 银色 256G 全网通(在保150天以上)
4,2129.00,拾锦二手商品专营店,拍拍【二手99新】Apple iPhone XR 苹果XR国行双卡双待全网通手机 黑色 64G全网通
6,1699.00,机淘淘二手商品专营店,拍拍【二手9成新】Apple iPhone X  国行苹果X二手机 4G全网通 智能二手手机 银色 64G 全网通
0,5598.00,愉快二手手机专营店,拍拍【二手99新】Apple iPhone 13 mini 苹果13 5G 二手苹果手机 国行通 粉色 128GB
0,6199.00,抖机优品二手手机专营店,拍拍【二手99新】Apple iPhone12 Pro(A2408)苹果12 Pro公开版二手手机 石墨黑 128G全网通『赠20W PD快充』
11,658.00,发靓机优品二手手机专营店,拍拍【二手9成新】Apple iphone 6 苹果6代二手手机 4.7英寸 国行全网通二手苹果6 金色 16G+全网通
0,1058.00,凯旋通二手手机专营店,拍拍【二手99新】Apple蓝牙耳机AirPods 1代/Airpods2代苹果无线耳机iPhone耳机 AirPods pro(9成新)
3,4369.00,拾锦二手商品专营店,拍拍【准新机】Apple iPhone 12 mini 苹果12 mini 二手全网通5G手机 绿色 256G 全网通
0,6424.00,爱乐优二手商品专营店,拍拍【二手95新】Apple/苹果 iPhone 12Pro Max 国行 原装二手手机 海蓝色 95新128G
1,2269.00,忠诚优品二手手机专营店,拍拍【二手95新】苹果xs Apple iPhone XS 二手手机 苹果手机 国行全网通 金色 64GB
7,5649.00,机淘淘二手商品专营店,拍拍【二手99新】Apple苹果 iPhone 12 Pro A14仿生芯片移动联通电信5G 二手手机 海蓝色 128GB（送20W快充）
1,2799.00,华语二手手机专营店,拍拍【准新机】Apple 苹果 SE2 iPhone se2 国行全网通 二手手机 红色 256G(准新机电池健康100%)
1,3799.00,首昕二手手机专营店,拍拍【准新机】Apple iPhone12 mini (A2400) 苹果12 mini 5G二手手机 红色  64GB (电池健康100%)送快充
10,2589.00,发靓机优品二手手机专营店,拍拍白条3期免息【二手95新】Apple iPhone XR 苹果xr 国行手机双卡双待苹果XR二手手机 黑色  64G全网通+赠(无线充电器)
0,2839.00,拾锦二手商品专营店,拍拍【二手9成新】Apple iPhone 11 苹果11双卡双待 黑色 128G全网通
0,2099.00,在一起二手手机专营店,拍拍【二手99新】苹果xs Apple iPhone XS（A2100）二手苹果手机 国行原装 深空灰色 64G 全网通
0,3758.00,华语二手手机专营店,拍拍【二手95新】苹果12 Apple iPhone 12 国行原装二手手机 5G双卡双待 二手苹果12 黑色 64GB 5G全网通
1,4999.00,乐亨优品二手商品专营店,拍拍【二手99新】Apple iPhone13mini 手机 国行全网通 全国联保 苹果13mini 午夜色 128GB
1,1998.00,顺顺智二手商品专营店,拍拍【二手9成新】Apple iPhone XR 二手手机 苹果 XR 国行通  双卡 双待 黑色 64G
1,6399.00,乐亨优品二手商品专营店,拍拍【二手99新】Apple iPhone 13 支持移动联通电信5G 双卡双待手机 星光色 128GB
4,2388.00,长嘉二手手机专营店,拍拍【二手95新】Apple iPhone XS苹果x xs国行公开版 二手苹果手机10代 苹果XS 金色 256G全网通
8,1699.00,友有严选二手手机专营店,拍拍【二手9成新】苹果7p手机 Apple iPhone7 Plus  国行二手原装手机 红色 128G全网通
3,4899.00,友有严选二手手机专营店,拍拍【二手99新】Apple iPhone 12苹果12二手手机 5G双卡双待 黑色 64G全网通
1,6599.00,友有严选二手手机专营店,拍拍【二手99新】Apple iPhone 12Pro苹果12Pro 5G版双卡双待 海蓝色 128G全网通
7,5999.00,湘桂发数码专营店,Apple 【全新原封未激活】 苹果 iPhone 11 移动联通电信4G手机 双卡双待 黑色 256G新包装
6,4052.00,广州移动旗舰店,[广州移动合约机]苹果iPhone 13 mini 电影效果模式5G手机HFQPD36 【限本店新入网客户】承诺使用119元套餐36个月 256G
2,3269.00,友有严选二手手机专营店,拍拍【二手95新】 Apple iPhone 11 pro 苹果11pro 二手苹果手机 暗夜绿色 64G全网通
1,2857.00,小绿侠二手手机专营店,拍拍【二手9成新】Apple iPhone XS max 苹果国行二手手机大陆行货送充电套装 银色 256G
0,2099.00,晨冠二手手机专营店,拍拍【二手9成新】苹果xs 二手苹果手机 Apple iPhonexs 二手手机 金色 64G 全网通
23,3799.00,京融二手商品专营店,拍拍【准新机】Apple iPhone12mini 苹果12mini 5G二手手机 单卡 绿色 128G全网通
2万+,7999.00,中国联通京东自营旗舰店,Apple iPhone 13 Pro (A2639) 128GB 石墨色 支持移动联通电信5G 双卡双待手机【赠大王卡首月免月租】
50万+,9299.00,Apple产品京东自营旗舰店,Apple iPhone 12 Pro Max (A2412) 128GB 海蓝色 支持移动联通电信5G 双卡双待手机
500+,1955.52,爱乐优二手商品专营店,拍拍【二手99新】Apple iPhone X 全面屏 面部识别国行全网通二手苹果x手机 深空灰色 95新 256G全网通
200+,3732.48,爱乐优二手商品专营店,拍拍【二手95新】Apple/苹果iPhone 11 Pro 二手苹果11pro 原装二手手机 双卡双待 暗夜绿 256G 全网通
500+,8869.00,上海移动京东官方自营旗舰店,Apple iPhone 12 Pro Max (A2412) 256GB 海蓝色 支持移动联通电信5G 双卡双待手机
1万+,4288.00,头号卖家旗舰店,【现货速发】苹果11 Apple iPhone 11 苹果11 全网通4G手机 白色 128GB 新包装
2000+,8799.00,中国移动手机官方旗舰店,Apple 苹果 iPhone 13 Pro Max(A2644) 全网通 5G 双卡手机 远峰蓝色 128GB
20万+,3299.00,Apple产品京东自营旗舰店,京品手机Apple iPhone SE (A2298) 64GB 黑色 移动联通电信4G手机
2000+,9499.00,手机通讯自营专区,Apple iPhone 13 Pro Max (A2644) 256GB 远峰蓝色 支持移动联通电信5G 双卡双待手机
5000+,8799.00,中国移动终端京东自营旗舰店,Apple iPhone 13 Pro (A2639) 256GB 远峰蓝色 支持移动联通电信5G 双卡双待手机【赠卡首月免月租】
5000+,8799.00,中国移动官方旗舰店,Apple iPhone 13 Pro (A2639) 256GB 远峰蓝色 支持移动联通电信5G 双卡双待手机 【移动用户专享优惠】
1000+,7999.00,中国联通京东自营官方旗舰店,Apple iPhone 13 Pro (A2639) 128GB 远峰蓝色 支持移动联通电信5G 双卡双待手机
5000+,9799.00,中国移动终端京东自营旗舰店,Apple iPhone 13 Pro Max (A2644) 256GB 远峰蓝色 支持移动联通电信5G 双卡双待手机【赠卡首月免月租】
500+,2398.00,万事达二手手机专营店,拍拍【二手9成新】iPhoneXs Max 苹果Xs  Max双卡双待大陆国行三网通xsm原装二手手机 银色 64GB
1000+,7749.00,手机通讯自营专区,Apple iPhone 13 Pro (A2639) 128GB 金色 支持移动联通电信5G 双卡双待手机
1000+,3599.00,壹思海外专营店,京东国际Apple iPhone 12 苹果12手机（美版有锁激活）电信联通移动智能手机 iPhone12 黑色 64GB美版有锁电信移动
100+,4199.00,四川移动京东自营旗舰店,Apple苹果iphone SE小屏幕旗舰手机全网通 白色 256GB
2000+,2468.00,XINKE海外专营店,京东国际Apple iPhone XR 苹果Xr 全面屏手机（美版激活有锁）移动联通4G智能手机 黑色 64GB美版有锁激活移动联通
1000+,2488.00,东源海外专营店,京东国际Apple iPhone XR 苹果Xr 全面屏手机（美版激活有锁）移动联通4G智能手机 黑色 美版有锁激活移动64GB
200+,5599.00,上海电信京东自营旗舰店,Apple iPhone 12 (A2404) 128GB 紫色 支持移动联通电信5G 双卡双待手机
200+,4599.00,四川电信京东自营旗舰店,Apple苹果iPhone11双卡双待全网通手机 白色 128GB
9,8799.00,四川电信京东自营旗舰店,Apple iPhone 13 Pro (A2639) 256GB 远峰蓝色 支持移动联通电信5G 双卡双待手机
100+,9399.00,广东移动自营旗舰店,Apple iPhone 13 Pro (A2639) 256GB 金色 支持移动联通电信5G 双卡双待手机
47,7999.00,天翼电信京东自营旗舰店,Apple 苹果iPhone 13Pro 双卡双待5G手机 远峰蓝色128G
5000+,4399.00,中国移动官方旗舰店,Apple iPhone 11 (A2223) 128GB 黑色 移动联通电信4G手机 双卡双待
74,6799.00,1号会员店,Apple iPhone 13 (A2634) 256GB 星光色 支持移动联通电信5G 双卡双待手机
66,5999.00,上海联通京东自营旗舰店,Apple iPhone 13 (A2634) 128GB 星光色 支持移动联通电信5G 双卡双待手机
200+,8799.00,四川移动京东自营旗舰店,Apple iPhone 13 Pro (A2639) 256GB 远峰蓝色 支持移动联通电信5G 双卡双待手机
27,4799.00,江苏电信京东自营旗舰店,Apple iPhone 12 mini (A2400) 64GB 黑色  支持移动联通电信5G 手机J
200+,4599.00,四川联通京东自营旗舰店,Apple苹果iPhone11双卡双待全网通手机 黑色 128GB
2000+,4299.00,冰之凯盛手机旗舰店,Apple 苹果 iPhone 11 手机 紫色【简装】 全网通 128G
13,3799.00,中国电信自营旗舰店,Apple iPhone# XR (A2108) 128GB 白色 移动联通电信4G手机 双卡双待【电信用户专享优惠】
200+,4599.00,重庆联通京东自营旗舰店,Apple苹果iPhone11双卡双待全网通手机 黑色 128GB
100+,7999.00,云南联通京东自营旗舰店,Apple iPhone 12 Pro (A2408) 256GB 银色 支持移动联通电信5G 双卡双待手机
16,9799.00,重庆联通京东自营旗舰店,Apple iPhone 13 Pro Max (A2644) 256GB 石墨色 支持移动联通电信5G 双卡双待手机
16,4199.00,重庆联通京东自营旗舰店,Apple苹果iphone SE小屏幕旗舰手机全网通 白色 256GB
12,8799.00,北京移动京东自营旗舰店,Apple iPhone 13 Pro (A2639) 256GB 石墨色 支持移动联通电信5G 双卡双待手机【移动用户专享优惠】
0,3299.00,四川移动京东自营旗舰店,Apple苹果iphone SE小屏幕旗舰手机全网通 白色 64GB
2000+,12298.00,Apple产品京东自营旗舰店,【碎屏险套装】Apple iPhone XS (A2100) 512GB 深空灰色 移动联通电信4G手机
1,9799.00,广东联通京东自营旗舰店,Apple iPhone 13 Pro Max  256GB 石墨色 支持移动联通电信 双卡双待5G手机
500+,8999.00,Apple美承onezero专卖店,Apple iPhone 12 Pro Max 支持移动联通电信5G 双卡双待手机 海蓝色 512GB【官方标配】
500+,8099.00,银河信业手机专营店,Apple iPhone 苹果13Pro 5G手机【春节不打烊 部分地区可当日达】 远峰蓝色 128GB
8,7999.00,中国电信自营旗舰店,Apple iPhone 13 Pro (A2639) 128GB 石墨色#支持移动联通电信5G 双卡双待手机【电信用户专享优惠】
10,5199.00,上海联通京东自营旗舰店,Apple iPhone 13 mini (A2629) 128GB 粉色 手机 支持移动联通电信5G
200+,5499.00,上海移动京东官方自营旗舰店,Apple 苹果 iPhone 12 mini 64GB 黑色 5G 手机
12,9799.00,四川电信京东自营旗舰店,Apple iPhone 13 Pro Max (A2644) 256GB 远峰蓝色 支持移动联通电信5G 双卡双待手机
5000+,1999.00,京选二手手机专营店,拍拍【二手9成新】苹果xr手机Apple iPhone xr 苹果XR二手苹果手机苹果 黑色 64G全网通
1000+,3738.00,传奇二手商品专营店,拍拍【二手99新】华为/HUAWEI Mate30 Pro安卓二手手机麒麟990芯片4G/5G手机 亮黑色 8GB+256GB【5G版全网通】
500+,1188.00,传奇二手商品专营店,拍拍【二手95新】华为HUAWEI nova5 Pro 4800万AI四摄全网通游戏安卓二手机麒麟980 亮黑色 8GB+128GB(全网通)
1000+,1099.00,传奇二手商品专营店,拍拍【二手95新】华为荣耀30青春版 90Hz全速屏 5G双模6.5英寸4000mAh大电池手机 全网通 幻镜银 6GB+128GB（5G手机）
2000+,588.00,易选优品二手手机专营店,拍拍【二手9成新】苹果6手机 Apple iPhone6  iPhone6s plus二手手机国行全网通 iphone6 puls银色 64G
200+,1198.00,小皮科技二手商品旗舰店,拍拍【已验机】Apple iPhone7 Plus 苹果7 Plus 国行 二手苹果手机 全网通4G 金色 128G
500+,328.00,天天数码二手手机专营店,拍拍【二手9成新】OPPO A83/A1二手手机 5.7英寸屏幕全面屏拍照手机双卡双待手机全网通安卓手机 黑色 4GB+32GB
17,9799.00,河南移动京东自营旗舰店,Apple iPhone 13 Pro Max (A2644) 256GB 远峰蓝色 支持移动联通电信5G 双卡双待苹果13promax手机
1000+,2699.00,京粉二手手机旗舰店,拍拍【二手99新】华为 HUAWEI P30 Pro大广角徕卡四摄10倍混合变焦游戏全面屏二手手机 天空之境 8GB+256G全网通
200+,2699.00,京粉二手手机旗舰店,拍拍【二手99新】小米10 Pro 双模5G 骁龙865 1亿像素 50倍变焦游戏全面屏二手手机 珍珠白 8GB+256GB（5G全网通）
500+,1699.00,传奇二手商品专营店,拍拍【二手95新】HUAWEI 华为 nova7 5G二手手机 麒麟985 后置四摄OLED极点屏全网通 7号色 8GB+128GB
500+,3299.00,闲至优品二手手机旗舰店,拍拍【二手99新】Apple iPhone 11 Pro 苹果11pro 双卡双待全网通 二手手机 金色 64GB
200+,1599.00,拍拍严选官方旗舰店,拍拍【资源机】苹果 iPhone SE2 手机 拍拍严选 苹果手机 红色 64GB
2000+,6199.00,小皮科技二手商品旗舰店,拍拍【二手】Apple iPhone 12 Pro 苹果12Pro 国行原装二手 双卡双待5G手机 99新 金色 256G全网通
100+,30.00,爱相随二手手机专营店,拍拍【仅拆封】力贝克（LUBIC）PD20w 快充套装 适用于iPhone13/12/11/X等系列 白色 20W
64,5999.00,亿品汇旗舰店,未激活 苹果Apple iPhone XS Max全网通4G手机双卡双待 金色 512GB
2000+,758.00,传奇二手商品专营店,拍拍【二手95新】vivo X23 双卡双待 安卓手机 6.41英寸全面屏 骁龙670 游戏拍照智能 幻彩版-北极晨曦 全网通(6G RAM+128G ROM)
200+,1468.00,传奇二手商品专营店,拍拍【二手95新】OPPO Reno3 Pro 5G二手手机 视频双防抖 90HZ高感曲面屏 全网通 月夜黑 8GB+128GB(5G全网通)
200+,5549.00,传奇二手商品专营店,拍拍【二手99新】华为 Mate40 Pro 5G手机 麒麟9000 SoC芯片 全网通 二手华为手机 亮黑色 8GB+256GB
500+,3299.00,好采机二手手机旗舰店,拍拍【二手99新】Apple iPhone 11 苹果11双卡双待 二手手机 黑色 128G 全网通
1000+,2788.00,传奇二手商品专营店,拍拍【二手95新】华为 HUAWEI P30 Pro 二手华为安卓手机 麒麟980 4G全网通 极光色 8G+512G
2000+,2299.00,零一店二手商品专营店,拍拍【二手9成新】Apple iPhone XS苹果x xs 国行5.8英寸二手手机 XS 深空灰 256G 全网通
2000+,4399.00,双果数码二手手机专营店,拍拍【二手99新】Apple iPhone12 苹果12国行二手手机  5G双卡双待 蓝色 128G全网通
2000+,1399.00,零一店二手商品专营店,拍拍【二手9成新】Apple iPhone SE2 苹果se2手机 二手手机 白色 64G 全网通
100+,718.00,小皮科技二手商品旗舰店,拍拍【已验机】Apple iphone 7 苹果 7 二手苹果手机  国行 全网通4G 磨砂黑色 128G
500+,4099.00,京粉二手手机旗舰店,拍拍【二手99新】华为 HUAWEI P40 Pro 麒麟990 5G 50倍数字变焦二手手机 冰霜银 8GB+256G（全网通/5G版） 6期免息
1000+,1478.00,传奇二手商品专营店,拍拍【二手95新】HUAWEI 华为P30 二手华为手机 麒麟980 超感光徕卡三摄 屏内指纹 全网通 亮黑色 8G+128G
67,8799.00,广东联通京东自营旗舰店,Apple iPhone 13 Pro  256GB 石墨色 支持移动联通电信 双卡双待5G手机
500+,1972.00,爱乐优二手商品专营店,拍拍【二手95成新】Apple iPhone/苹果 X 苹果x 全面屏 面容识别 大陆国行 拍拍二手手机 银色 256G 全网通
2000+,688.00,缘翼优品二手手机专营店,拍拍【二手9成新】Apple 苹果7 手机 二手苹果 iphone7 苹果手机 磨砂黑 32G 全网通
2000+,1948.00,红捷二手商品专营店,拍拍【二手9成新】Apple 苹果 8Plus 手机 iPhone 8P 二手苹果手机 国行 4G全网通 金色 256G 全网通
200+,938.00,传奇二手商品专营店,拍拍【二手95新】华为(HUAWEI)nova5i Pro安卓手机 麒麟810芯片 后置指纹 翡冷翠 8GB+128GB
83,6749.00,拍拍严选官方旗舰店,拍拍【资源机】Apple iPhone 12 Pro 手机 大陆国行 拍拍严选 全网通 99新金色 512G【电池效率100%】
44,918.00,远洋二手商品专营店,拍拍【二手9成新】苹果6sp Apple 苹果6s Plus 二手手机 非苹果6p 国行 全网通 金色 128GB+180天碎屏险
28,3699.00,百世二手手机专营店,拍拍【二手95成新】Apple iPhone11 Pro苹果11 Pro 苹果二手手机 非5G 双卡双待 暗夜绿色 256G全网通
200+,1258.00,传奇二手商品专营店,拍拍【二手95新】vivo iQOO 全面屏智能拍照手机 骁龙855电竞游戏 4G全网通 电光蓝 8GB+128GB
200+,2899.00,果粉二手手机专营店,拍拍【二手99新】华为 HUAWEI Mate 30 麒麟990芯 4000万莱卡屏内指纹全面屏二手手机 亮黑色 8GB+128G全网通/5G版
29,7999.00,KUJIA酷家海外旗舰店,京东国际【保税仓发货】Apple 苹果 iPhone 12 \/Pro \/Pro Max手机日版5G无锁 12Pro MAX 石墨色 256G
100+,678.00,小皮科技二手商品旗舰店,拍拍【已验机】Apple iPhone 6S 苹果6S 国行 二手苹果手机 玫瑰金色  【全网通4G】 64G
11,1080.00,小皮科技二手商品旗舰店,拍拍【已验机】Apple iPhone7 Plus 苹果7 Plus非国行 无锁版 二手手机 全网通4G 银色 【全网通4G】128G
200+,2258.00,传奇二手商品专营店,拍拍【二手95新】vivo NEX3 / NEX3S 骁龙855Plus 无界瀑布屏 6400万三摄 深空流光 8GB+256GB(NEX3 5G全网通)
4,6599.00,众盛手机专营店,Apple 苹果 iPhone 13 手机 (A2634) 移动联通电信5G 双卡双待 蓝色 256GB
37,139.00,拍拍严选尖货旗舰店,拍拍Apple 苹果原装充电器20W USB-C手机插头 适配器 USB-C 快充线
7,2198.00,蜀夏通讯优品专营店,拍拍【二手9成新】苹果8plus Apple iPhone8plus 二手苹果手机全网通 银色 256G
200+,1399.00,传奇二手商品专营店,拍拍【二手95新】HUAWEI 华为 Nova7 SE 5G 二手华为手机 麒麟820 6.5英寸全面屏 银月星辉 8GB+128GB 5G全网通
200+,1438.00,远洋二手商品专营店,拍拍【二手95新】Apple iPhone SE 2 二手 苹果SE2 二手se2手机 二手手机 黑色 64G 全网通
1,2045.00,小绿侠二手手机专营店,拍拍【二手9成新】Apple iPhone XR苹果国行二手手机大陆行货送充电套装 黑色 128G
100+,1349.00,爱相随二手手机专营店,拍拍【准新机】Apple iPhone 6s Plus 苹果6s 国行原装二手手机 金色 64G 全网通(电池健康100%)
1000+,1688.00,考拉严选二手商品专营店,拍拍【二手95新】Apple iPhone SE2 二手手机 二手苹果se2 手机 黑色 128G
100+,888.00,传奇二手商品专营店,拍拍【二手95新】华为(HUAWEI)nova5i 二手手机安卓智能4G手机麒麟710 幻夜黑 8GB+128GB
1万+,3959.00,京选二手手机专营店,拍拍【二手95新】Apple iPhone 12  5G手机  二手苹果手机  游戏手机 白色 128G
58,4099.00,在一起二手手机专营店,拍拍【准新机】Apple iPhonexsmax 苹果xsmax 官换资源机过保 国行双卡二手手机 金色 256G 全网通(电池健康100%)
200+,2588.00,考拉严选二手商品专营店,拍拍【二手9成新】Apple iPhoneXR二手手机 苹果XR国行双卡 全网通 黑色 128G
200+,3999.00,果粉二手手机专营店,拍拍【二手99新】华为 HUAWEI Mate 30 Pro麒麟990 OLED环幕屏游戏全面屏二手手机 亮黑色 8GB+256G全网通6期免息
100+,1499.00,传奇二手商品专营店,拍拍【二手95新】荣耀 X10 Max 7.09英寸超大屏 5000mAh大电池 二手安卓华为荣耀手机 竞速蓝 8GB+128GB 5G全网通
62,2899.00,京粉二手手机旗舰店,拍拍【二手99新】华为 HUAWEI Mate 30 麒麟990芯 4000万莱卡屏内指纹全面屏二手手机 亮黑色 8GB+128G全网通/5G版
46,1199.00,在一起二手手机专营店,拍拍【准新机】官换资源机过保Apple iPhone 6s Plus 苹果6s Plus二手手机 金色 64G 全网通(电池健康100%)
100+,435.00,小皮科技二手商品旗舰店,拍拍【已验机】Apple iPhone 6 Plus 苹果6 plus 二手苹果手机 国行 全网通4G 银色 16G
500+,1930.00,优锋派二手商品专营店,拍拍【已验机】Apple iPhone XR 苹果xr 二手苹果手机 二手手机 全面屏手机 游戏手机 苹果XR 白色 64G【赠18wPD快充】
500+,1178.00,缘翼优品二手手机专营店,拍拍【二手9成新】Apple 苹果7Plus 苹果7 苹果二手手机 二手手机 中国红 128G全网通
1000+,5899.00,零一店二手商品专营店,拍拍【二手95成新】Apple iPhone11 Pro max 国行 二手苹果11Pro max手机 暗夜绿色 256G 全网通
1000+,1816.00,爱悠品二手商品专营店,拍拍【二手9成新】苹果x手机 Apple iPhone X 拍拍二手手机 苹果X手机 银色 64G 全网通4G
55,2299.00,传奇二手商品专营店,拍拍【二手99新】华为 HUAWEI nova 8  二手手机 麒麟985 5G SoC芯片 全网通 普罗旺斯 8GB+128GB
2000+,4759.00,小皮科技二手商品旗舰店,拍拍【准新机】Apple iPhone 11 国行二手苹果11 移动联通电信4G手机 双卡双待 【资源机未激活】iPhone 11 黑色 128G 全网通【电池100】送20W快充+运费险
2000+,3188.00,爱悠品二手商品专营店,拍拍【二手9成新】苹果xsmax Apple iPhone XS Max   拍拍二手手机 双卡双待 苹果xs max手机 金色 256G 全网通4G【限时送全新原装苹果充电器】
93,6648.00,熊猫严选二手商品专营店,拍拍【准新机】Apple iPhone 12 Pro Max 苹果12 国行 三网5G 双卡 二手手机 海蓝色 128GB【电池效率100%】
81,3999.00,京粉二手手机旗舰店,拍拍【二手99新】华为 HUAWEI P40 Pro 麒麟990 5G 50倍数字变焦二手手机 零度白 8GB+256G（全网通/5G版）
200+,6399.00,零一店二手商品专营店,拍拍【二手9成新】Apple iPhone12Pro Max苹果12 pro max支持移动联通电信 海蓝色 256GB 全网通
93,1158.00,传奇二手商品专营店,拍拍【二手95新】OPPO Reno3 5G 二手手机 6.4英寸屏幕 6400万超清四摄双防抖 全网通 蓝色星夜 8G+128G(5G全网通)
57,348.00,八戒优品二手手机专营店,拍拍【二手9成新】OPPO A1/A83 全面屏拍照手机 深海蓝通4G通 深海蓝 4GB+64GB
200+,1699.00,在一起二手手机专营店,拍拍【准新机】官换资源机过保Apple iPhone 8 苹果8 全网通国行原装二手手机 深空灰色 64G 全网通（8代）
500+,1538.00,大牛优品二手手机专营店,拍拍【二手9成新】Apple iPhone8Plus苹果8Plus二手手机国行原装全网通4G大陆 金色 【国行/64GB】赠快充套装
200+,759.00,百世二手手机专营店,拍拍【二手9成新】Apple iPhone6s Plus 苹果6sPlus 备用机 苹果手机 5.5寸 金色【品质无忧】 32G 全网通+赠送充电套装
1,4788.00,顺顺智二手商品专营店,拍拍【二手99新】荣耀 Magic3/Magic3 Pro 5G 骁龙888 超曲屏多主摄计算摄影手机 亮黑色【Magic3 Pro】 12GB+256GB(5G通)
200+,1288.00,易选优品二手手机专营店,拍拍【二手9成新】Apple iPhone 7 Plus 苹果7plus 国行 全网通 官网验证二手手机 金色 128G
18,3299.00,双果数码二手手机专营店,拍拍【二手99新】Apple iPhone11 苹果11国行双卡二手手机 紫色 128G全网通
100+,1549.00,拍拍严选官方旗舰店,拍拍【资源机】Apple iPhone SE2 苹果se2手机  拍拍严选 9新黑色 64G
32,1128.00,传奇二手商品专营店,拍拍【二手95新】小米10青春版 5G二手手机 骁龙765G 50倍潜望式变焦四摄 全网通 黑巧风暴 8GB+128GB
100+,666.00,小皮科技二手商品旗舰店,拍拍【已验机】苹果（Apple） iPhone 6s Plus 二手手机 国行 全网通4G 玫瑰金色 【全网通4G】64G
47,1499.00,传奇二手商品专营店,拍拍【二手99新】小米 Redmi 红米K40 双模5G 骁龙870 二手小米 游戏手机 5G全网通 晴雪 6GB+128GB
200+,699.00,百世二手手机专营店,拍拍【二手9成新】Apple iPhone 6s 苹果6s  全网通 备用机 二手苹果手机 4.7英寸 银色【电池100%】 64G 赠送充电套装
0,699.00,拍拍严选官方旗舰店,拍拍华为（HUAWEI） 畅享9Plus 手机 现货发货通4G手机 移动联通电信指纹识别拍照大屏幕 幻夜黑 4GB+64GB
3,1529.00,京致二手手机专营店,拍拍【二手9成新】苹果8Plus手机 Apple iPhone 8Plus 苹果8P 二手手机 金色 64G通【100%电池】
24,1768.00,传奇二手商品专营店,拍拍【二手99新】小米 Redmi 红米K40 Pro 双模5G 骁龙888 二手小米手机 5G全网通 墨羽 6GB+128GB
100+,9999.00,远洋二手商品专营店,拍拍【二手95新】苹果7 plus Apple iPhone 7 Plus 苹果7P 全网通 红色 32G 全网通
4,1504.00,小绿侠二手手机专营店,拍拍【二手9成新】Apple iPhone X苹果国行二手手机大陆行货送充电套装 黑色 64G
100+,2388.00,爱悠品二手商品专营店,拍拍【二手9成新】苹果xr手机   Apple iPhone XR   拍拍二手手机 双卡双待 苹果XR手机 白色 128G通4G【赠充电器】
100+,3088.00,爱悠品二手商品专营店,拍拍【二手9成新】苹果11手机 Apple iPhone 11 拍拍二手手机双卡 苹果11手机 绿色 128G通4G【6期免息白条分期0首付】
100+,630.00,小皮科技二手商品旗舰店,拍拍【已验机】Apple 苹果 iPhone7 二手苹果手机  非国行 无锁版 插卡即用 玫瑰金色 【全网通4G】32G
53,1438.00,传奇二手商品专营店,拍拍【二手99新】小米11青春版 5G 二手手机 骁龙780G AMOLED柔性直屏 游戏手机 全网通 清甜荔枝 8GB+128GB
96,1050.00,典匠二手手机专营店,拍拍【已验机】Apple iPhone 8 苹果8 二手苹果手机 大陆国行 灰色 64GB
0,2589.00,拍拍严选尖货旗舰店,拍拍Apple iPhone XS Max 苹果xsmax手机  二手手机 99新银色 64G
1,3699.00,优锋派二手商品专营店,拍拍【已验机】Apple iPhone11 Pro Max (A2220)苹果11Pro Max 银色 64G
3,678.00,小皮科技二手商品旗舰店,拍拍【已验机】Apple iPhone苹果SE  二手苹果手机 国行 全网通4G手机 玫瑰金色 64G
2,3100.00,优锋派二手商品专营店,拍拍【已验机】Apple iPhone11 Pro (A2217) 苹果11Pro 二手苹果手机 暗夜绿色 64G
32,2569.00,拍拍严选尖货旗舰店,拍拍华为 HUAWEI P30 Pro 安卓智能 二手手机 大陆国行 95新亮黑色 8G+256G
14,2109.00,酷联数码严选优品二手手机专营店,拍拍【二手9成新】Apple iPhone X XR  苹果xr国行 通用双卡双待二手手机 黑色 9成新64G
7,1766.00,红捷二手商品专营店,拍拍【二手9新】Apple 苹果SE2 国行全网通手机 iPhone se2 4.7英寸小屏苹果手机 黑色 128G 全网通
0,4849.00,拍拍严选官方旗舰店,拍拍【资源机】Apple iPhone 12 苹果12手机 大陆国行  拍拍严选 9新黑色 256G【电池效率100%】
0,5699.00,京粉二手手机旗舰店,拍拍【准新机】Apple iPhone 13 mini (A2629)  二手手机5G 粉色 128GB全网通『赠20W PD闪充』
0,8499.00,京粉二手手机旗舰店,拍拍【准新机】Apple iPhone 13 Pro (A2639)二手手机5G 远峰蓝色 128GB全网通『赠20W PD闪充』
0,12999.00,京粉二手手机旗舰店,拍拍【准新机】Apple iPhone 13 Pro Max (A2644) 二手手机5G 石墨色 128GB全网通『赠20W PD闪充』
0,6499.00,京粉二手手机旗舰店,拍拍【准新机】Apple iPhone 13 (A2634) 128GB二手手机5G 星光色 128GB全网通『赠20W PD闪充』
0,5999.00,果粉二手手机专营店,拍拍【准新机】Apple iPhone 13 (A2634) 128GB二手手机5G 红色 128GB全网通『赠20W PD闪充』
2,2188.00,红捷二手商品专营店,拍拍【二手9成新】苹果xr Apple iPhone XR 双卡双待 国行全网通智能二手苹果手机 天蓝色 128G
0,5199.00,果粉二手手机专营店,拍拍【准新机】Apple iPhone 13 mini (A2629)  二手手机5G 红色 128GB全网通『赠20W PD闪充』
0,11399.00,果粉二手手机专营店,拍拍【准新机】Apple iPhone 13 Pro Max (A2644) 二手手机5G 远峰蓝色 512GB全网通『赠20W PD闪充』
0,10399.00,果粉二手手机专营店,拍拍【准新机】Apple iPhone 13 Pro (A2639)二手手机5G 远峰蓝色 512GB全网通『赠20W PD闪充』
1,2092.00,小绿侠二手手机专营店,拍拍【二手95成新】Apple iPhone XR苹果国行二手手机大陆行货送充电套装 黑色 128G
1,1550.00,小绿侠二手手机专营店,拍拍【二手95成新】Apple iPhone X苹果国行二手手机大陆行货送充电套装 银色 64G
0,9799.00,零一店二手商品专营店,拍拍【二手99成新】Apple iPhone 13 Pro Max (A2644) 支持移动联通电信 远峰蓝色 256GB
0,8799.00,零一店二手商品专营店,拍拍【二手99成新】Apple iPhone13 Pro (A2639) 双卡5G手机二手苹果13Pro 石墨色 256GB
